customer_id,assessment_date,risk_category,score,questionnaire_version,valid_until,status
CUST477541,2026-06-18,growth,69,v1.5,2026-07-09,valid
CUST835177,2026-05-01,balanced,3,v2.7,2027-12-11,valid
CUST515433,2026-06-20,conservative,33,v3.1,2027-12-03,valid
CUST141793,2025-03-19,conservative,29,v3.5,2026-10-15,valid
CUST291355,2026-04-10,aggressive,26,v4.1,2028-12-15,expired
CUST570156,2026-06-15,aggressive,95,v3.0,2028-08-24,valid
CUST241496,2026-05-05,growth,47,v2.5,2027-05-02,valid
CUST394369,2026-03-23,growth,90,v1.5,2028-06-15,expired
CUST790493,2026-05-29,balanced,97,v3.9,2028-10-11,valid
CUST363135,2026-06-28,cautious,83,v1.6,2026-10-07,valid
CUST731675,2024-10-20,cautious,71,v4.5,2026-09-09,valid
CUST273873,2024-08-30,cautious,63,v1.0,2028-08-12,valid
CUST902226,2026-05-06,growth,30,v4.1,2026-10-18,valid
CUST672694,2025-03-01,balanced,87,v2.3,2026-10-08,valid
CUST458553,2026-06-10,balanced,28,v5.6,2027-05-03,valid
CUST677303,2026-06-02,balanced,53,v5.7,2027-04-14,valid
CUST949266,2026-05-29,growth,37,v3.5,2027-10-27,expired
CUST903175,2026-02-08,aggressive,53,v4.2,2027-01-30,valid
CUST487116,2025-07-21,aggressive,24,v4.8,2026-09-04,valid
CUST205606,2025-07-28,balanced,34,v5.4,2027-10-19,valid
CUST484882,2024-07-08,cautious,96,v2.7,2027-06-25,valid
CUST174396,2024-05-27,aggressive,57,v1.1,2028-10-27,expired
CUST636627,2026-06-09,cautious,52,v3.6,2028-07-26,valid
CUST816214,2026-05-27,growth,72,v2.3,2027-05-04,expired
CUST981356,2026-06-13,aggressive,9,v2.3,2027-02-01,pending_review
CUST903504,2026-05-21,conservative,31,v3.4,2027-08-08,valid
CUST545693,2024-06-11,conservative,49,v1.0,2028-02-15,pending_review
CUST770544,2026-06-12,balanced,98,v2.9,2026-08-26,valid
CUST726539,2025-01-08,conservative,68,v2.1,2027-12-03,valid
CUST480902,2026-06-22,conservative,8,v2.3,2027-12-02,valid
CUST810816,2026-06-20,aggressive,40,v5.8,2028-11-02,valid
CUST124805,2026-06-16,cautious,4,v2.8,2028-04-21,valid
CUST425575,2026-06-01,balanced,82,v5.7,2028-07-31,valid
CUST132401,2026-05-24,balanced,54,v3.3,2027-03-14,valid
CUST726539,2026-06-16,aggressive,81,v1.8,2026-09-28,valid
CUST655648,2025-12-21,balanced,43,v1.0,2028-10-26,valid
CUST692512,2026-05-31,cautious,94,v4.9,2027-08-28,expired
CUST722162,2024-10-23,balanced,3,v2.7,2027-05-31,valid
CUST330765,2024-12-17,aggressive,7,v4.1,2026-10-16,valid
CUST734502,2025-11-09,balanced,84,v1.8,2027-09-10,valid
CUST305959,2026-05-06,aggressive,86,v3.0,2028-10-11,valid
CUST456022,2026-02-20,conservative,16,v2.8,2027-08-23,valid
CUST355625,2025-12-14,cautious,73,v3.9,2027-01-11,valid
CUST403642,2026-06-24,aggressive,8,v2.9,2026-07-18,expired
CUST404287,2026-06-03,balanced,45,v3.0,2028-11-19,valid
CUST108191,2025-11-01,aggressive,92,v1.5,2026-07-24,valid
CUST761568,2026-06-19,growth,13,v3.8,2026-10-25,expired
CUST959754,2026-06-26,conservative,71,v2.6,2028-08-19,expired
CUST562937,2024-02-17,growth,17,v1.7,2027-05-03,expired
CUST318079,2026-06-13,balanced,4,v2.4,2028-03-18,expired
CUST692512,2026-05-07,balanced,27,v3.1,2028-02-12,valid
CUST761568,2024-11-11,conservative,65,v3.3,2028-05-29,expired
CUST388812,2025-08-02,conservative,34,v5.6,2027-04-04,pending_review
CUST238170,2025-01-06,conservative,19,v3.3,2026-09-08,valid
CUST577889,2026-05-15,aggressive,83,v1.8,2027-07-05,valid
CUST455462,2024-02-18,conservative,64,v4.2,2027-01-13,expired
CUST342313,2026-06-03,aggressive,91,v1.5,2026-07-12,pending_review
CUST975039,2026-06-20,growth,13,v1.7,2026-12-14,valid
CUST348547,2026-05-30,aggressive,87,v2.1,2027-07-03,valid
CUST257488,2024-10-04,growth,59,v1.5,2027-04-30,pending_review
CUST567463,2025-10-11,conservative,82,v5.0,2028-07-16,valid
CUST733682,2025-10-13,cautious,9,v1.2,2028-08-12,valid
CUST218275,2025-10-13,aggressive,50,v2.0,2027-06-18,valid
CUST336296,2026-05-07,balanced,73,v1.9,2028-07-26,valid
CUST458553,2026-06-20,balanced,11,v2.2,2027-09-14,valid
CUST405457,2025-07-07,aggressive,97,v4.0,2028-12-24,valid
CUST627093,2025-03-16,growth,65,v1.9,2028-06-30,valid
CUST682749,2026-05-01,aggressive,42,v3.4,2028-02-16,expired
CUST704051,2026-06-19,growth,10,v1.8,2027-05-25,expired
CUST775939,2026-05-19,growth,59,v4.4,2026-09-19,valid
CUST607313,2024-02-26,aggressive,90,v2.6,2027-07-30,valid
CUST219244,2024-02-14,conservative,66,v3.9,2027-10-12,valid
CUST342560,2026-05-17,aggressive,85,v1.5,2027-02-02,pending_review
CUST687568,2026-06-19,aggressive,15,v1.6,2026-08-14,valid
CUST659268,2026-06-19,cautious,60,v1.3,2027-02-19,valid
CUST575280,2026-05-02,conservative,38,v1.9,2028-03-18,valid
CUST763212,2026-05-05,aggressive,73,v4.8,2026-09-01,valid
CUST835177,2026-06-13,conservative,19,v1.4,2026-07-30,valid
CUST608766,2025-10-15,conservative,32,v5.9,2026-11-20,pending_review
CUST169884,2026-06-16,balanced,31,v5.5,2026-09-24,valid
CUST242378,2026-05-29,balanced,96,v3.1,2028-04-25,valid
CUST920920,2024-08-19,cautious,97,v3.1,2028-10-15,valid
CUST285765,2024-01-02,conservative,58,v5.5,2027-01-25,valid
CUST605322,2024-04-18,balanced,42,v1.4,2027-07-08,valid
CUST800176,2026-05-31,conservative,70,v4.1,2028-07-28,valid
CUST919172,2026-06-10,growth,29,v4.5,2027-01-09,valid
CUST420364,2026-05-24,cautious,69,v2.4,2028-08-05,valid
CUST503650,2026-05-25,balanced,88,v5.3,2027-08-03,valid
CUST656606,2026-05-25,cautious,1,v1.5,2028-02-08,expired
CUST783195,2026-05-12,growth,76,v3.2,2027-01-25,expired
CUST664132,2026-06-30,cautious,83,v4.7,2027-04-07,valid
CUST256835,2024-02-10,growth,93,v4.2,2028-07-26,valid
CUST951080,2026-06-26,balanced,44,v1.1,2027-08-22,valid
CUST982583,2026-06-26,conservative,80,v4.5,2026-08-06,valid
CUST214548,2026-05-02,balanced,97,v1.1,2028-08-20,expired
CUST458307,2026-05-10,growth,77,v4.2,2027-09-08,valid
CUST257488,2026-06-11,balanced,27,v1.8,2027-06-05,pending_review
CUST870617,2025-02-18,growth,62,v2.0,2026-09-24,valid
CUST800168,2025-06-12,balanced,9,v1.3,2027-09-02,expired
CUST893099,2026-06-01,balanced,37,v1.2,2028-06-02,valid
CUST582415,2024-04-11,balanced,36,v5.7,2028-09-17,expired
CUST698433,2026-06-16,balanced,74,v1.9,2026-12-04,valid
CUST818318,2026-02-26,aggressive,9,v5.8,2028-11-19,valid
CUST891804,2026-05-30,growth,25,v1.8,2027-02-21,valid
CUST148168,2026-06-19,aggressive,90,v5.5,2026-09-10,valid
CUST747183,2026-05-10,balanced,32,v5.0,2028-07-12,valid
CUST950306,2024-08-03,conservative,41,v1.5,2027-02-28,valid
CUST708538,2026-06-28,cautious,99,v4.8,2027-05-16,expired
CUST803449,2026-05-31,cautious,82,v1.0,2028-03-09,valid
CUST881693,2026-06-11,growth,23,v3.3,2028-07-04,pending_review
CUST731181,2024-02-13,aggressive,61,v3.4,2028-08-03,valid
CUST650844,2026-05-17,aggressive,96,v2.1,2028-04-22,valid
CUST242378,2025-10-28,aggressive,98,v4.0,2028-01-22,valid
CUST708908,2026-06-26,balanced,24,v3.2,2027-01-29,valid
CUST576822,2026-06-21,conservative,36,v2.2,2028-06-24,valid
CUST671636,2026-05-20,cautious,57,v3.5,2027-07-12,valid
CUST506847,2026-06-19,balanced,7,v4.3,2028-10-04,valid
CUST794417,2026-04-08,conservative,56,v4.1,2028-01-15,expired
CUST420013,2025-06-15,conservative,71,v4.4,2028-12-24,valid
CUST323588,2026-05-06,conservative,27,v5.0,2028-11-06,pending_review
CUST207883,2026-06-21,conservative,57,v2.7,2027-03-27,pending_review
CUST365578,2026-05-10,balanced,94,v4.4,2026-11-22,valid
CUST460348,2025-01-01,aggressive,4,v2.1,2027-07-10,expired
CUST415730,2025-07-04,aggressive,84,v2.0,2027-01-23,valid
CUST661455,2026-05-01,growth,59,v5.9,2026-12-06,valid
CUST650056,2025-12-12,cautious,16,v1.9,2026-11-29,valid
CUST629170,2025-03-04,cautious,49,v1.9,2028-06-10,valid
CUST372649,2026-05-08,growth,90,v1.2,2026-07-15,valid
CUST661455,2024-07-21,growth,81,v4.7,2028-08-01,valid
CUST124805,2024-12-29,cautious,53,v5.5,2027-05-19,valid
CUST964101,2026-06-18,balanced,7,v4.9,2028-02-06,valid
CUST619670,2026-05-05,growth,39,v4.9,2026-10-12,valid
CUST527873,2026-06-11,balanced,30,v2.6,2028-02-15,pending_review
CUST287678,2026-05-15,growth,58,v2.0,2028-06-16,valid
CUST464827,2026-05-01,conservative,7,v2.0,2027-02-06,pending_review
CUST652767,2026-05-15,cautious,37,v2.2,2028-11-04,valid
CUST490210,2026-03-31,conservative,17,v1.9,2028-08-19,valid
CUST359269,2026-06-29,conservative,25,v2.3,2027-09-20,valid
CUST371364,2026-06-15,growth,60,v1.8,2028-05-14,valid
CUST751779,2025-11-09,aggressive,3,v5.4,2028-03-31,valid
CUST789191,2026-06-23,conservative,29,v3.6,2026-07-28,pending_review
CUST801077,2024-10-20,balanced,36,v2.4,2027-07-07,valid
CUST280765,2024-11-14,conservative,28,v4.1,2027-09-20,expired
CUST795787,2024-08-16,balanced,97,v1.7,2027-10-29,valid
CUST240678,2024-10-15,aggressive,6,v2.6,2028-06-01,pending_review
CUST655648,2026-05-14,conservative,57,v5.2,2026-10-26,valid
CUST639781,2024-11-06,balanced,19,v5.6,2028-07-04,valid
CUST793832,2026-06-25,balanced,46,v5.2,2027-10-12,pending_review
CUST700735,2026-05-20,growth,96,v2.2,2028-08-01,valid
CUST434618,2024-07-30,cautious,91,v3.0,2027-04-20,valid
CUST746147,2026-06-09,conservative,62,v5.8,2028-07-08,valid
CUST563945,2026-06-26,growth,43,v1.0,2028-01-05,valid
CUST546024,2026-04-05,growth,26,v4.2,2027-10-02,expired
CUST926694,2024-03-09,growth,93,v4.4,2027-02-08,valid
CUST459806,2026-06-17,aggressive,94,v1.6,2026-11-30,valid
CUST345530,2026-06-12,aggressive,43,v2.4,2028-01-06,valid
CUST986902,2026-06-24,aggressive,68,v2.1,2026-11-25,valid
CUST662307,2026-06-10,cautious,30,v3.5,2026-10-15,valid
CUST920920,2026-06-25,conservative,94,v2.0,2027-08-26,valid
CUST204360,2026-06-18,aggressive,4,v1.9,2026-11-18,valid
CUST892540,2026-01-07,balanced,25,v4.2,2027-11-28,expired
CUST346828,2026-03-14,aggressive,11,v5.7,2026-10-19,valid
CUST347143,2026-06-27,conservative,99,v1.1,2027-10-06,valid
CUST543653,2025-08-09,aggressive,22,v5.6,2028-06-04,valid
CUST241496,2026-06-09,growth,99,v1.3,2028-09-16,valid
CUST881411,2026-06-02,aggressive,100,v2.3,2027-02-05,valid
CUST307511,2026-05-04,cautious,51,v3.6,2027-02-12,valid
CUST752125,2025-08-26,cautious,71,v3.6,2028-08-24,valid
CUST916913,2024-11-10,cautious,54,v3.9,2026-08-21,valid
CUST348050,2026-06-08,aggressive,37,v4.0,2028-09-11,pending_review
CUST756626,2026-06-23,conservative,96,v4.2,2026-12-04,pending_review
CUST789139,2026-05-28,balanced,68,v1.7,2027-11-26,valid
CUST626406,2026-06-03,conservative,42,v3.7,2026-11-16,valid
CUST599293,2026-05-05,balanced,39,v3.8,2027-11-30,valid
CUST710228,2026-05-03,conservative,34,v5.8,2027-08-11,pending_review
CUST666047,2026-05-21,cautious,18,v3.0,2028-10-03,valid
CUST746147,2026-03-05,aggressive,70,v1.2,2027-08-17,pending_review
CUST724573,2026-05-31,conservative,27,v1.2,2028-07-25,valid
CUST211157,2026-05-13,balanced,72,v1.1,2027-04-10,valid
CUST289622,2026-06-17,balanced,29,v3.8,2027-08-18,valid
CUST661455,2026-05-30,cautious,7,v5.2,2028-07-29,valid
CUST733682,2026-06-30,conservative,59,v1.1,2026-09-28,valid
CUST518542,2026-06-06,cautious,95,v3.3,2028-07-22,valid
CUST257155,2025-07-17,cautious,65,v5.1,2028-05-22,valid
CUST216174,2026-06-30,balanced,37,v3.0,2028-12-08,expired
CUST836854,2026-05-20,aggressive,97,v2.9,2028-06-09,expired
CUST708846,2025-09-30,growth,28,v1.1,2027-05-02,valid
CUST537827,2025-01-25,cautious,3,v5.2,2027-09-02,expired
CUST682637,2026-05-13,aggressive,30,v3.9,2027-10-22,valid
CUST349462,2026-06-19,conservative,100,v1.3,2027-08-26,valid
CUST980320,2026-06-14,aggressive,73,v4.3,2028-04-25,valid
CUST114506,2025-12-09,cautious,3,v5.9,2028-12-18,valid
CUST677303,2026-06-23,cautious,45,v5.1,2026-08-28,valid
CUST392269,2026-05-21,conservative,47,v3.2,2028-02-07,pending_review
CUST370664,2024-08-02,conservative,30,v5.2,2027-07-08,expired
CUST295975,2024-12-10,growth,30,v3.3,2028-05-14,expired
CUST504716,2026-06-28,aggressive,21,v1.4,2028-04-04,pending_review
CUST674939,2024-09-30,growth,79,v4.5,2027-10-26,valid
CUST726028,2026-01-14,balanced,65,v5.3,2028-02-24,valid
CUST995909,2026-05-28,conservative,28,v3.9,2026-07-14,valid
CUST342560,2026-06-05,growth,45,v2.4,2026-11-01,valid
CUST818425,2025-12-22,balanced,84,v5.8,2026-10-26,valid
CUST409168,2024-10-15,balanced,8,v1.2,2027-05-07,valid
CUST747783,2026-05-13,balanced,69,v1.6,2027-10-27,valid
CUST912499,2026-03-28,growth,75,v2.3,2028-04-13,expired
CUST114923,2025-02-12,conservative,61,v1.9,2027-04-08,pending_review
CUST782034,2026-06-08,cautious,97,v4.7,2028-02-22,valid
CUST688991,2026-05-31,balanced,35,v3.4,2028-12-21,valid
CUST196630,2025-04-16,aggressive,83,v5.0,2028-07-20,pending_review
CUST692512,2026-06-20,growth,71,v1.9,2028-02-26,valid
CUST335777,2026-06-02,cautious,67,v2.5,2027-08-13,pending_review
CUST178490,2026-04-17,growth,79,v4.4,2027-10-14,valid
CUST317084,2025-02-12,conservative,1,v1.0,2027-07-02,valid
CUST101597,2026-06-25,conservative,42,v1.0,2026-07-02,expired
CUST280765,2025-09-01,balanced,67,v5.0,2028-11-02,valid
CUST650844,2026-06-09,aggressive,48,v5.4,2028-08-21,pending_review
CUST298723,2026-05-01,growth,78,v4.3,2027-02-03,valid
CUST387043,2026-05-07,growth,7,v5.2,2027-08-12,valid
CUST487036,2026-05-12,growth,63,v3.6,2028-02-12,pending_review
CUST250947,2026-06-20,conservative,79,v5.4,2027-03-03,valid
CUST169884,2026-02-28,conservative,63,v2.0,2028-11-09,valid
CUST402281,2025-08-07,cautious,14,v1.3,2028-11-30,valid
CUST385356,2024-09-03,aggressive,90,v4.8,2028-06-14,valid
CUST710228,2026-05-18,conservative,38,v4.0,2026-10-13,expired
CUST477816,2026-05-07,aggressive,25,v1.3,2027-12-31,pending_review
CUST523870,2026-05-26,conservative,47,v3.0,2026-07-15,valid
CUST518843,2026-06-10,cautious,33,v1.9,2028-12-08,valid
CUST972084,2024-08-24,aggressive,81,v4.0,2028-04-13,valid
CUST175580,2026-05-11,cautious,98,v2.1,2027-06-07,valid
CUST841237,2026-06-17,conservative,8,v1.5,2027-07-23,expired
CUST647848,2024-12-26,conservative,40,v3.5,2027-06-25,valid
CUST369080,2026-05-07,conservative,90,v4.4,2026-08-14,valid
CUST713659,2026-05-23,conservative,70,v3.5,2027-08-25,valid
CUST829980,2025-01-03,aggressive,36,v1.3,2027-07-02,expired
CUST392421,2024-09-28,aggressive,92,v4.6,2027-10-15,valid
CUST707653,2026-06-22,conservative,62,v2.0,2027-02-02,valid
CUST114506,2024-09-06,growth,98,v1.4,2027-05-23,valid
CUST926694,2026-06-20,aggressive,5,v1.5,2028-01-06,valid
CUST247368,2025-05-16,cautious,59,v3.2,2026-12-16,valid
CUST132852,2025-06-07,aggressive,62,v3.7,2027-08-30,valid
CUST164039,2026-06-26,balanced,9,v5.8,2026-10-01,valid
CUST180389,2025-08-07,conservative,37,v3.1,2027-09-21,valid
CUST917967,2026-06-02,conservative,94,v5.6,2027-06-08,valid
CUST523870,2026-05-12,cautious,98,v2.9,2028-05-20,valid
CUST655961,2026-06-26,balanced,11,v1.5,2028-10-04,valid
CUST396942,2026-06-29,growth,8,v3.4,2026-11-26,valid
CUST914038,2025-11-02,aggressive,43,v1.0,2027-10-20,valid
CUST523549,2026-05-13,growth,69,v5.1,2027-08-12,valid
CUST960432,2024-04-10,balanced,60,v1.3,2028-10-25,valid
CUST438606,2026-06-09,aggressive,37,v2.3,2026-07-29,expired
CUST373693,2025-09-03,balanced,46,v4.6,2026-12-09,expired
CUST796212,2026-05-17,growth,2,v2.6,2027-04-02,valid
CUST307511,2026-05-28,growth,18,v5.3,2027-09-27,valid
CUST912499,2026-06-20,cautious,94,v3.8,2027-10-06,valid
CUST334235,2026-05-17,growth,88,v5.1,2026-11-16,valid
CUST894389,2026-06-20,cautious,65,v2.7,2028-11-13,pending_review
CUST563945,2026-05-31,growth,6,v2.7,2027-05-07,valid
CUST587085,2026-05-11,conservative,20,v5.0,2028-03-03,valid
CUST992741,2026-04-20,cautious,4,v2.5,2027-06-28,valid
CUST797843,2026-06-08,balanced,49,v5.7,2026-11-23,expired
CUST500372,2025-06-07,growth,49,v1.4,2028-07-15,valid
CUST360197,2026-05-30,balanced,90,v1.8,2027-05-31,expired
CUST305959,2024-12-05,balanced,24,v4.8,2026-07-12,valid
CUST942924,2025-05-11,aggressive,45,v4.0,2028-04-24,expired
CUST400679,2026-05-19,cautious,4,v4.3,2027-11-03,valid
CUST169884,2026-06-06,aggressive,59,v1.3,2027-02-19,valid
CUST406910,2024-12-21,growth,86,v2.8,2028-08-10,valid
CUST999917,2026-06-24,growth,25,v5.1,2027-03-06,valid
CUST647848,2025-04-07,cautious,89,v2.8,2026-12-31,valid
CUST523870,2026-06-07,growth,73,v4.9,2027-10-28,valid
CUST692381,2024-04-01,balanced,86,v5.4,2026-12-04,valid
CUST123494,2024-11-10,aggressive,97,v4.6,2026-12-22,valid
CUST115148,2024-01-20,conservative,68,v3.3,2028-03-01,valid
CUST904427,2026-05-07,conservative,34,v5.0,2026-08-20,expired
CUST219378,2026-06-03,cautious,7,v2.3,2028-03-20,valid
CUST349462,2026-06-15,cautious,32,v1.8,2027-06-07,pending_review
CUST348786,2026-06-23,cautious,40,v4.8,2028-02-28,valid
CUST337291,2024-07-28,balanced,41,v5.7,2026-10-27,valid
CUST515880,2026-06-22,conservative,76,v2.4,2027-07-30,valid
CUST761800,2025-10-26,conservative,89,v2.2,2028-06-02,pending_review
CUST741259,2026-06-20,growth,23,v2.6,2028-02-01,pending_review
CUST920826,2025-02-11,cautious,9,v1.9,2026-09-27,valid
CUST299659,2026-05-24,cautious,5,v2.8,2026-07-23,valid
CUST392269,2026-06-07,aggressive,94,v2.4,2026-08-16,valid
CUST854980,2025-07-17,balanced,52,v1.9,2027-11-02,valid
CUST708275,2026-05-07,aggressive,28,v5.8,2027-07-04,expired
CUST204360,2026-05-29,balanced,88,v4.8,2028-12-23,valid
CUST579136,2025-02-12,conservative,92,v3.1,2026-08-08,valid
CUST874661,2026-05-14,conservative,77,v2.8,2026-09-12,valid
CUST727548,2026-05-08,conservative,51,v3.7,2027-07-13,valid
CUST177073,2025-11-18,cautious,40,v3.9,2027-11-05,expired
CUST422500,2026-06-21,growth,19,v3.7,2026-11-03,valid
CUST656606,2026-05-02,cautious,36,v4.4,2028-06-18,expired
CUST201831,2025-08-13,conservative,65,v5.6,2027-08-04,valid
CUST597026,2026-06-23,cautious,85,v4.8,2028-04-29,valid
CUST388772,2026-05-30,conservative,78,v5.1,2027-03-20,valid
CUST496602,2025-05-19,cautious,21,v4.7,2027-09-17,valid
CUST953327,2026-06-06,balanced,50,v1.2,2027-09-07,pending_review
CUST784089,2026-02-25,growth,39,v3.8,2027-09-21,pending_review
CUST125346,2026-05-14,conservative,10,v3.1,2028-12-31,valid
CUST761651,2024-02-19,conservative,3,v3.5,2028-07-07,valid
CUST350626,2025-03-30,conservative,98,v3.6,2026-08-03,valid
CUST485839,2024-05-04,growth,85,v5.4,2026-09-08,valid
CUST747098,2026-01-23,cautious,13,v4.7,2027-11-10,valid
CUST981356,2026-06-13,cautious,59,v5.0,2027-02-04,valid
CUST173909,2026-05-11,cautious,52,v3.5,2026-11-12,valid
CUST559222,2026-06-11,cautious,44,v2.5,2026-10-30,valid
CUST445503,2025-02-17,cautious,28,v1.5,2028-01-03,valid
CUST401224,2024-10-10,cautious,14,v1.3,2028-12-25,valid
CUST170104,2024-04-30,growth,87,v1.9,2027-07-20,valid
CUST708538,2026-05-05,cautious,97,v3.5,2027-11-16,valid
CUST129398,2026-06-09,aggressive,71,v4.9,2027-04-13,valid
CUST404111,2026-05-16,balanced,91,v3.3,2027-04-20,expired
CUST103856,2025-06-09,conservative,24,v4.2,2026-12-29,valid
CUST552429,2026-05-12,balanced,47,v3.0,2028-11-05,valid
CUST103856,2026-06-13,conservative,37,v1.8,2027-05-15,pending_review
CUST971780,2026-06-30,growth,20,v5.1,2026-07-02,valid
CUST340364,2026-05-04,cautious,66,v1.7,2027-01-11,valid
CUST798379,2024-12-30,balanced,29,v5.1,2028-08-21,expired
CUST841237,2026-06-03,cautious,57,v1.5,2028-11-23,expired
CUST602192,2026-05-05,growth,80,v1.6,2027-04-07,valid
CUST647883,2026-05-29,cautious,2,v1.9,2027-08-21,valid
CUST456022,2026-06-23,growth,27,v3.0,2028-07-03,valid
CUST605171,2026-05-20,conservative,97,v3.6,2028-04-23,valid
CUST932505,2026-05-15,conservative,80,v5.2,2026-11-27,valid
CUST961047,2026-06-02,cautious,57,v2.5,2028-01-04,valid
CUST531936,2026-05-14,balanced,82,v4.6,2026-11-18,pending_review
CUST201831,2025-04-11,growth,7,v4.7,2028-07-04,valid
CUST232871,2026-05-18,cautious,29,v5.8,2027-12-02,expired
CUST851402,2026-05-02,cautious,60,v4.2,2027-08-24,valid
CUST117971,2026-05-16,conservative,16,v2.0,2027-05-24,valid
CUST801077,2026-06-12,aggressive,25,v3.4,2028-06-06,valid
CUST372649,2025-09-29,conservative,55,v1.3,2027-12-16,valid
CUST242378,2026-05-17,growth,70,v2.2,2028-06-25,valid
CUST218275,2026-06-17,cautious,9,v3.8,2028-12-28,valid
CUST138511,2025-10-11,growth,32,v5.2,2027-06-23,expired
CUST936554,2024-08-16,conservative,31,v5.0,2028-11-12,valid
CUST810191,2026-05-29,conservative,42,v5.2,2028-11-21,valid
CUST474314,2025-02-23,balanced,12,v2.2,2028-04-27,valid
CUST460348,2026-05-16,cautious,99,v4.6,2026-07-14,valid
CUST951204,2025-12-01,balanced,14,v5.7,2027-05-01,valid
CUST505400,2026-05-17,aggressive,2,v1.8,2027-09-27,valid
CUST132930,2025-10-23,balanced,50,v3.7,2028-01-11,expired
CUST872535,2026-06-30,balanced,41,v4.8,2027-07-08,valid
CUST385356,2026-05-12,growth,35,v4.3,2027-05-03,valid
CUST506847,2025-05-06,cautious,48,v4.7,2028-04-30,expired
CUST132363,2024-03-21,conservative,2,v1.9,2027-09-26,valid
CUST117187,2026-06-16,aggressive,19,v5.4,2028-05-12,valid
CUST672694,2026-06-26,aggressive,87,v3.4,2028-06-12,valid
CUST914038,2025-06-08,aggressive,16,v4.1,2027-08-11,valid
CUST552429,2026-04-19,growth,25,v3.8,2028-05-12,valid
CUST174396,2024-09-30,cautious,53,v2.7,2027-01-20,valid
CUST484882,2026-05-24,cautious,80,v3.0,2027-02-15,valid
CUST161729,2026-06-29,conservative,98,v3.6,2027-09-24,expired
CUST708846,2026-05-02,cautious,16,v3.8,2028-02-23,valid
CUST829460,2026-06-02,balanced,87,v1.8,2027-04-27,valid
CUST913931,2026-06-29,growth,39,v1.7,2026-07-21,pending_review
CUST248762,2026-05-11,aggressive,82,v3.2,2028-10-14,expired
CUST650159,2026-06-17,balanced,88,v3.5,2026-11-18,expired
CUST544490,2026-05-11,conservative,65,v1.7,2028-09-22,valid
CUST485633,2026-06-12,growth,69,v5.0,2027-03-05,expired
CUST650159,2026-05-16,aggressive,69,v3.4,2028-11-30,valid
CUST607883,2025-03-18,cautious,42,v1.1,2026-07-25,valid
CUST196841,2024-08-09,cautious,68,v5.6,2026-09-24,valid
CUST504716,2024-11-16,cautious,63,v1.9,2028-09-01,valid
CUST738619,2026-06-20,aggressive,76,v5.4,2027-10-25,expired
CUST832542,2026-05-16,conservative,16,v5.5,2027-09-24,valid
CUST747783,2025-11-24,cautious,34,v4.2,2026-08-21,valid
CUST665117,2024-01-05,growth,50,v2.6,2026-09-15,valid
CUST257155,2025-02-25,cautious,40,v2.2,2028-02-08,valid
CUST695099,2025-10-18,balanced,1,v4.7,2027-12-14,expired
CUST712270,2024-12-01,aggressive,15,v3.1,2027-11-25,valid
CUST299659,2026-05-01,balanced,14,v2.0,2027-02-04,valid
CUST113762,2026-02-19,growth,54,v5.2,2027-09-26,valid
CUST673613,2026-06-03,cautious,37,v4.9,2026-08-11,valid
CUST862174,2026-05-13,balanced,28,v5.5,2027-06-19,valid
CUST974551,2026-06-07,growth,4,v4.9,2028-05-02,valid
CUST769768,2026-05-08,conservative,14,v3.9,2027-11-22,valid
CUST828427,2026-06-05,aggressive,53,v4.5,2028-05-16,valid
CUST655648,2026-05-01,cautious,60,v4.6,2028-03-12,valid
CUST801275,2026-05-14,balanced,24,v4.9,2026-09-05,valid
CUST276962,2024-02-19,cautious,69,v5.9,2028-03-25,valid
CUST686540,2026-06-14,conservative,61,v2.2,2026-07-11,valid
CUST695099,2026-06-30,balanced,87,v1.6,2027-01-07,valid
CUST346828,2026-06-27,aggressive,80,v5.5,2027-07-22,valid
CUST477396,2026-05-25,cautious,11,v2.4,2027-10-06,expired
CUST559222,2026-05-11,growth,93,v2.6,2027-02-08,valid
CUST406910,2025-08-07,conservative,20,v4.7,2027-08-03,valid
CUST304629,2025-09-03,growth,88,v3.8,2028-09-22,valid
CUST136560,2025-12-19,aggressive,99,v4.5,2028-10-06,valid
CUST710311,2026-05-01,aggressive,82,v5.8,2027-07-02,pending_review
CUST971441,2026-05-29,balanced,74,v5.9,2027-05-15,expired
CUST704051,2025-06-02,growth,53,v2.5,2027-05-09,valid
CUST505400,2024-07-20,balanced,73,v2.0,2027-11-15,valid
CUST884807,2026-06-21,cautious,6,v4.8,2027-02-15,valid
CUST692512,2026-05-27,balanced,51,v2.9,2028-10-23,valid
CUST785207,2024-11-12,aggressive,25,v5.7,2028-03-03,valid
CUST647883,2024-04-30,aggressive,8,v4.1,2027-09-10,valid
CUST704578,2026-06-10,conservative,69,v5.4,2028-02-05,expired
CUST651796,2024-11-12,cautious,78,v5.6,2027-06-27,valid
CUST910239,2024-01-31,aggressive,93,v5.2,2028-10-01,expired
CUST619318,2026-05-15,balanced,35,v3.2,2027-11-29,valid
CUST782034,2026-06-15,balanced,55,v2.5,2028-08-29,valid
CUST607593,2026-05-16,cautious,71,v5.6,2026-09-24,valid
CUST761568,2026-05-04,conservative,16,v5.3,2027-07-13,valid
CUST832384,2024-12-06,conservative,52,v2.8,2026-11-05,valid
CUST891423,2026-06-13,conservative,53,v1.0,2028-09-10,pending_review
CUST789191,2025-04-30,growth,66,v2.6,2028-07-14,valid
CUST416534,2025-06-18,balanced,35,v5.0,2027-06-12,valid
CUST328850,2026-05-02,growth,9,v4.9,2026-10-04,expired
CUST942469,2026-05-16,balanced,39,v2.4,2028-04-14,pending_review
CUST892540,2024-12-16,cautious,2,v4.8,2027-02-16,valid
CUST975039,2026-06-17,growth,77,v2.2,2028-09-15,expired
CUST237033,2026-06-27,cautious,18,v4.8,2027-02-17,expired
CUST797843,2026-06-20,balanced,75,v2.4,2027-09-03,valid
CUST884364,2026-05-21,aggressive,96,v1.5,2027-09-23,valid
CUST521682,2026-06-06,cautious,65,v3.0,2028-11-12,valid
CUST348050,2024-05-03,aggressive,99,v2.7,2027-10-02,pending_review
CUST121137,2026-05-12,aggressive,41,v4.8,2028-10-15,valid
CUST994574,2026-05-27,balanced,3,v4.6,2026-09-30,valid
CUST923960,2026-05-29,aggressive,51,v5.1,2027-05-01,pending_review
CUST650433,2026-06-15,balanced,26,v5.8,2028-02-02,valid
CUST440397,2024-09-12,growth,20,v2.2,2026-08-27,valid
CUST294187,2026-02-15,balanced,72,v5.6,2027-08-13,valid
CUST898185,2024-09-22,balanced,51,v5.9,2028-09-12,valid
CUST404166,2026-06-17,conservative,41,v1.7,2028-09-24,valid
CUST379366,2024-09-21,balanced,31,v2.0,2026-08-20,expired
CUST734640,2026-05-09,balanced,61,v3.2,2028-10-09,valid
CUST968403,2026-04-12,cautious,60,v3.1,2028-03-08,valid
CUST782282,2026-05-22,cautious,50,v1.4,2027-06-08,expired
CUST862332,2026-05-25,aggressive,65,v1.1,2026-11-26,valid
CUST739166,2025-08-01,growth,75,v5.6,2027-01-02,valid
CUST707285,2026-01-13,aggressive,43,v4.8,2026-10-28,valid
CUST796189,2026-06-10,balanced,88,v5.0,2027-04-30,valid
CUST846341,2026-05-14,conservative,43,v5.3,2027-01-23,expired
CUST741486,2026-05-30,conservative,87,v4.2,2027-09-19,valid
CUST234874,2025-12-19,conservative,29,v2.7,2028-05-06,valid
CUST584059,2026-06-21,growth,26,v2.2,2026-08-17,valid
CUST829980,2026-06-13,balanced,53,v2.4,2028-01-28,valid
CUST801275,2026-06-03,aggressive,99,v2.1,2027-11-11,expired
CUST162946,2026-05-05,cautious,36,v2.1,2028-06-11,valid
CUST897654,2025-08-21,cautious,97,v3.3,2027-02-04,expired
CUST580394,2025-03-23,aggressive,3,v3.1,2027-05-04,expired
CUST645510,2026-06-21,growth,15,v1.4,2028-10-07,expired
CUST440299,2026-05-16,conservative,20,v1.9,2028-06-09,valid
CUST259297,2025-06-23,conservative,29,v3.5,2027-09-20,valid
CUST138162,2024-04-02,growth,75,v5.0,2028-03-15,valid
CUST703390,2024-07-22,conservative,27,v3.8,2028-02-24,expired
CUST982583,2026-05-06,cautious,83,v5.1,2028-12-12,valid
CUST273797,2026-06-03,growth,55,v4.9,2028-05-13,valid
CUST396942,2025-11-25,conservative,81,v5.6,2027-10-15,valid
CUST754266,2026-05-13,growth,65,v3.5,2028-10-22,valid
CUST783195,2024-07-21,balanced,44,v3.1,2028-02-06,pending_review
CUST340364,2026-05-03,conservative,28,v5.2,2026-09-24,valid
CUST505400,2026-05-15,aggressive,29,v1.1,2028-10-31,pending_review
CUST745757,2026-06-29,cautious,67,v2.2,2027-01-02,valid
CUST958809,2025-08-23,aggressive,21,v2.8,2028-03-16,expired
CUST580258,2026-05-11,aggressive,1,v1.4,2028-11-20,expired
CUST383498,2026-05-05,conservative,82,v3.7,2028-06-27,valid
CUST209590,2026-05-22,balanced,39,v5.6,2028-09-17,valid
CUST129728,2025-12-16,conservative,34,v3.9,2027-04-18,pending_review
CUST888461,2026-05-23,conservative,27,v2.7,2027-05-13,expired
CUST877310,2026-05-20,cautious,20,v3.5,2026-08-17,valid
CUST539293,2026-06-18,cautious,58,v3.6,2027-03-29,pending_review
CUST790686,2025-11-24,aggressive,41,v5.0,2028-05-27,valid
CUST189906,2025-09-06,growth,44,v4.5,2027-10-07,valid
CUST200560,2026-05-05,aggressive,7,v5.8,2027-01-13,valid
CUST791731,2024-02-10,conservative,36,v4.6,2028-12-22,expired
CUST464827,2026-05-02,growth,88,v1.3,2026-11-04,valid
CUST903952,2026-05-15,growth,70,v4.0,2026-07-25,expired
CUST907847,2026-06-24,aggressive,18,v5.7,2027-07-23,valid
CUST998853,2026-05-10,cautious,31,v1.8,2026-11-20,valid
CUST169884,2026-06-17,conservative,58,v5.0,2026-07-04,valid
CUST396942,2026-06-01,cautious,47,v3.0,2028-03-09,expired
CUST670450,2026-06-26,aggressive,26,v3.6,2028-03-20,pending_review
CUST160195,2026-06-13,growth,48,v4.4,2028-01-01,expired
CUST270055,2026-05-20,conservative,10,v2.2,2027-01-28,pending_review
CUST579136,2024-12-16,cautious,34,v5.9,2027-07-22,valid
CUST792180,2026-06-05,conservative,49,v3.6,2028-08-14,valid
CUST603733,2026-03-03,cautious,1,v1.1,2028-01-29,valid
CUST577367,2025-07-01,cautious,40,v5.9,2026-10-10,pending_review
CUST941901,2026-06-10,aggressive,82,v4.6,2027-01-09,expired
CUST873729,2026-06-29,aggressive,62,v1.7,2027-03-16,expired
CUST725335,2026-06-28,growth,17,v4.8,2028-06-13,expired
CUST515880,2026-05-14,growth,21,v1.2,2026-10-18,valid
CUST712270,2026-05-01,balanced,5,v5.9,2026-07-24,pending_review
CUST731675,2026-05-19,conservative,65,v2.1,2027-09-01,valid
CUST694640,2026-05-18,aggressive,96,v3.0,2028-03-08,valid
CUST932505,2024-03-15,aggressive,67,v2.8,2027-12-24,expired
CUST414734,2026-05-16,aggressive,78,v2.5,2027-08-03,valid
CUST597026,2025-04-13,balanced,57,v1.9,2026-08-29,valid
CUST410442,2026-06-17,balanced,75,v2.7,2028-05-10,valid
CUST559937,2024-05-12,balanced,25,v5.0,2027-06-19,valid
CUST888960,2025-05-03,aggressive,83,v4.5,2028-04-09,valid
CUST132930,2026-05-03,growth,97,v3.6,2027-08-10,valid
CUST745819,2026-05-25,balanced,99,v4.3,2028-09-01,expired
CUST747183,2026-06-05,aggressive,70,v2.9,2026-09-28,valid
CUST530417,2026-06-19,balanced,79,v4.7,2028-01-30,pending_review
CUST647845,2026-05-30,balanced,26,v4.9,2027-10-05,valid
CUST942924,2026-04-27,cautious,46,v1.3,2027-05-07,valid
CUST185492,2026-05-23,balanced,48,v2.4,2026-12-28,valid
CUST219406,2026-05-25,growth,72,v4.7,2027-08-29,valid
CUST580635,2026-05-02,balanced,60,v5.6,2028-08-20,valid
CUST247810,2026-05-13,cautious,56,v3.3,2027-10-11,pending_review
CUST692512,2026-06-15,growth,19,v1.2,2028-02-22,expired
CUST876918,2025-09-08,balanced,65,v3.7,2026-09-30,expired
CUST726028,2026-06-27,growth,17,v2.4,2027-12-15,valid
CUST381449,2026-06-13,growth,1,v2.5,2028-03-01,valid
CUST981356,2026-05-11,aggressive,51,v5.4,2028-04-22,valid
CUST336296,2026-01-11,conservative,51,v2.3,2026-09-01,expired
CUST931729,2026-06-19,aggressive,34,v3.3,2027-10-18,valid
CUST323254,2025-04-15,aggressive,83,v2.6,2028-10-29,valid
CUST954966,2025-03-29,balanced,56,v2.9,2027-06-14,valid
CUST472066,2024-09-10,aggressive,99,v5.1,2028-07-14,valid
CUST818318,2024-12-17,balanced,25,v5.0,2027-11-12,valid
CUST201157,2024-01-17,cautious,69,v2.6,2027-11-01,expired
CUST598745,2026-06-22,aggressive,88,v4.5,2027-05-25,pending_review
CUST500802,2026-05-28,cautious,13,v3.0,2027-08-10,valid
CUST439510,2026-05-20,cautious,58,v3.1,2027-11-01,valid
CUST687680,2025-09-18,aggressive,33,v3.7,2026-07-24,expired
CUST942131,2026-06-06,balanced,73,v3.2,2026-07-10,valid
CUST348050,2026-06-21,balanced,80,v1.1,2026-07-06,valid
CUST164039,2026-05-26,conservative,68,v1.2,2028-12-23,valid
CUST427448,2026-06-11,conservative,62,v5.7,2027-03-08,valid
CUST903175,2025-02-05,growth,66,v2.8,2027-08-03,valid
CUST899267,2026-06-05,cautious,21,v1.4,2027-11-08,valid
CUST562603,2026-05-21,aggressive,16,v1.9,2027-06-09,valid
CUST655648,2026-06-21,aggressive,24,v5.4,2026-07-08,valid
CUST727471,2026-05-12,cautious,78,v4.6,2027-06-18,valid
CUST907847,2025-06-05,aggressive,66,v5.8,2027-03-10,valid
CUST666047,2024-12-10,growth,67,v5.9,2026-11-12,valid
CUST558186,2026-06-12,cautious,81,v2.9,2028-01-18,valid
CUST526515,2026-06-14,growth,41,v5.7,2028-08-16,valid
CUST232871,2026-06-04,cautious,26,v2.5,2026-09-23,valid
CUST347652,2026-05-25,balanced,86,v1.1,2026-08-24,valid
CUST627870,2026-05-18,growth,71,v1.8,2027-08-01,valid
CUST999522,2024-07-12,growth,74,v1.5,2028-08-30,valid
CUST605948,2026-05-21,cautious,15,v5.5,2028-12-28,valid
CUST613158,2026-03-19,conservative,72,v4.6,2027-09-25,valid
CUST332683,2026-05-07,growth,50,v3.4,2026-11-04,valid
CUST269002,2025-05-02,cautious,23,v3.8,2028-05-26,pending_review
CUST921119,2025-02-04,cautious,47,v4.7,2027-01-27,valid
CUST383498,2026-03-10,balanced,38,v2.4,2026-12-08,valid
CUST102218,2026-05-19,conservative,98,v1.0,2027-10-31,valid
CUST281967,2026-05-15,aggressive,61,v4.2,2027-12-21,valid
CUST164039,2026-06-28,growth,96,v4.8,2028-06-19,expired
CUST369080,2026-05-30,growth,88,v5.3,2027-04-28,valid
CUST941901,2026-05-06,conservative,59,v3.5,2028-10-15,valid
CUST769371,2026-05-04,conservative,31,v2.1,2027-01-06,valid
CUST422500,2025-01-08,aggressive,86,v2.8,2027-10-17,valid
CUST477396,2025-12-16,balanced,35,v1.2,2027-03-21,valid
CUST530417,2026-05-23,balanced,18,v1.0,2028-04-28,valid
CUST472066,2024-10-14,balanced,8,v3.2,2028-04-12,expired
CUST872535,2026-06-07,conservative,44,v1.2,2028-07-25,expired
CUST388154,2026-06-01,aggressive,26,v1.8,2027-03-05,valid
CUST926873,2026-06-23,conservative,35,v1.9,2027-06-08,valid
CUST364216,2026-06-10,growth,30,v4.3,2028-12-04,valid
CUST644232,2026-04-07,conservative,33,v5.8,2028-04-22,valid
CUST547457,2024-12-20,aggressive,26,v4.8,2027-12-31,valid
CUST789191,2024-01-27,balanced,49,v5.6,2028-04-11,valid
CUST337461,2026-06-27,growth,99,v5.2,2027-12-03,pending_review
CUST396942,2026-06-18,cautious,50,v5.0,2028-04-09,valid
CUST396990,2026-05-29,growth,34,v5.7,2028-10-07,valid
CUST805883,2024-07-04,cautious,88,v2.3,2027-01-22,expired
CUST115148,2026-05-06,aggressive,19,v4.6,2027-06-22,valid
CUST849692,2026-06-12,conservative,94,v2.9,2026-07-28,valid
CUST892644,2026-06-10,cautious,80,v4.7,2028-04-22,valid
CUST552212,2025-06-25,cautious,80,v3.1,2028-11-11,expired
CUST242699,2026-05-21,balanced,80,v1.4,2027-05-18,valid
CUST913614,2026-06-15,balanced,85,v3.3,2028-08-10,valid
CUST579136,2025-12-21,aggressive,29,v5.8,2027-08-04,expired
CUST523870,2026-05-20,aggressive,79,v3.5,2026-09-15,valid
CUST613158,2025-01-14,conservative,73,v3.0,2027-12-12,valid
CUST877682,2026-05-23,conservative,16,v4.9,2027-07-21,valid
CUST577889,2025-02-28,aggressive,19,v2.1,2026-12-10,valid
CUST219244,2026-06-26,cautious,84,v5.5,2026-11-18,valid
CUST531579,2026-06-14,conservative,22,v3.4,2028-02-12,valid
CUST548109,2025-11-28,conservative,19,v3.2,2027-06-24,valid
CUST978694,2025-01-18,aggressive,63,v2.8,2027-03-22,expired
CUST605948,2026-05-10,conservative,14,v1.6,2026-09-19,valid
CUST387043,2026-05-29,cautious,21,v1.5,2026-07-21,expired
CUST308124,2026-05-20,conservative,30,v4.7,2028-04-23,pending_review
CUST898001,2025-10-30,balanced,100,v2.1,2028-01-07,valid
CUST388772,2026-06-16,growth,46,v4.6,2027-08-20,valid
CUST499836,2026-05-27,aggressive,65,v4.5,2028-01-08,valid
CUST965174,2025-05-03,aggressive,47,v3.9,2028-07-04,valid
CUST817622,2026-05-06,growth,47,v1.0,2028-06-03,valid
CUST299659,2026-06-12,cautious,66,v5.2,2028-01-10,valid
CUST903783,2025-02-13,growth,26,v1.7,2027-07-19,valid
CUST589022,2026-06-22,conservative,14,v4.9,2028-08-23,expired
CUST597453,2025-05-01,balanced,93,v3.7,2028-07-09,valid
CUST455462,2026-05-24,balanced,63,v2.7,2026-10-04,valid
CUST957882,2026-05-07,conservative,54,v4.5,2028-12-03,valid
CUST867506,2026-05-08,growth,67,v2.0,2028-05-06,valid
CUST138511,2026-06-19,conservative,52,v4.2,2028-12-09,valid
CUST117971,2026-06-06,aggressive,74,v3.5,2028-03-21,valid
CUST748359,2026-05-19,conservative,98,v1.0,2027-01-27,expired
CUST605171,2025-07-24,aggressive,5,v4.1,2026-08-15,valid
CUST761800,2024-03-02,growth,40,v1.5,2026-12-28,valid
CUST587085,2026-04-29,cautious,52,v5.2,2027-02-03,valid
CUST994574,2026-05-20,balanced,12,v3.8,2028-09-03,valid
CUST190279,2026-05-15,cautious,76,v5.5,2028-05-17,valid
CUST455462,2026-02-02,cautious,28,v2.0,2026-11-15,valid
CUST726543,2026-05-19,cautious,89,v4.5,2026-08-31,pending_review
CUST918084,2026-05-13,conservative,96,v1.2,2027-02-05,valid
CUST883067,2024-02-15,conservative,84,v4.5,2027-06-11,pending_review
CUST730162,2024-01-23,aggressive,76,v3.1,2027-01-17,expired
CUST712623,2026-05-16,aggressive,91,v1.3,2026-10-20,valid
CUST794326,2025-10-31,aggressive,71,v4.3,2026-08-18,valid
CUST117777,2026-05-26,cautious,27,v3.5,2028-07-18,valid
CUST797352,2026-05-12,conservative,46,v2.7,2027-04-02,pending_review
CUST545693,2026-05-30,balanced,42,v4.4,2028-03-31,expired
CUST140058,2026-02-18,aggressive,16,v3.1,2026-12-14,valid
CUST371364,2026-05-12,aggressive,59,v5.5,2027-06-10,valid
CUST998853,2026-06-04,cautious,73,v3.8,2028-08-28,valid
CUST237033,2026-05-09,conservative,18,v1.8,2028-07-05,valid
CUST207883,2026-06-04,conservative,92,v1.9,2027-02-11,pending_review
CUST770544,2026-06-28,growth,78,v4.1,2028-08-04,valid
CUST467227,2026-05-04,cautious,70,v1.6,2028-06-04,valid
CUST547072,2026-05-06,conservative,32,v2.8,2027-07-19,valid
CUST920261,2026-05-30,aggressive,79,v4.6,2027-01-09,valid
CUST816214,2026-06-14,cautious,73,v4.6,2027-02-02,valid
CUST572364,2026-05-06,aggressive,92,v3.4,2027-04-03,expired
CUST333270,2025-07-18,aggressive,95,v5.6,2027-03-11,pending_review
CUST927378,2026-06-05,conservative,14,v5.1,2028-11-28,valid
CUST410442,2026-03-24,balanced,57,v5.1,2028-07-10,valid
CUST702930,2026-05-16,balanced,65,v3.7,2028-11-27,valid
CUST731675,2024-06-21,growth,40,v4.8,2027-04-06,valid
CUST804366,2026-06-02,growth,60,v1.3,2027-01-19,valid
CUST274161,2026-05-05,aggressive,18,v1.3,2026-07-09,valid
CUST273702,2026-05-31,conservative,21,v1.2,2026-08-22,valid
CUST204360,2026-02-14,aggressive,82,v4.4,2028-03-18,expired
CUST696789,2026-06-30,aggressive,97,v5.9,2027-04-11,expired
CUST129098,2026-06-07,cautious,71,v5.7,2027-05-02,expired
CUST570495,2026-06-29,aggressive,15,v4.5,2028-10-29,valid
CUST810191,2026-05-09,conservative,60,v4.5,2026-08-17,pending_review
CUST437154,2026-06-24,conservative,61,v1.9,2027-04-21,valid
CUST783870,2026-05-04,balanced,44,v3.2,2027-07-26,expired
CUST291355,2026-06-10,growth,65,v1.8,2027-04-09,valid
CUST700735,2026-06-29,cautious,1,v4.9,2027-09-20,valid
CUST406910,2026-06-05,cautious,53,v5.3,2028-12-11,valid
CUST798379,2026-06-15,balanced,75,v3.1,2028-10-15,valid
CUST871269,2025-02-11,balanced,45,v3.9,2028-01-10,pending_review
CUST898185,2026-06-24,balanced,17,v4.0,2027-04-05,valid
CUST864212,2024-10-31,aggressive,48,v2.4,2028-02-05,valid
CUST274161,2026-06-09,aggressive,25,v5.4,2028-07-19,valid
CUST347143,2025-03-22,growth,83,v4.2,2028-04-09,valid
CUST131540,2026-05-23,aggressive,49,v5.3,2026-12-20,pending_review
CUST412500,2026-06-27,conservative,59,v4.1,2028-11-16,expired
CUST484882,2024-03-11,growth,5,v4.0,2027-11-01,valid
CUST658343,2026-06-10,aggressive,40,v2.7,2028-09-10,valid
CUST857650,2024-10-16,conservative,85,v5.5,2028-09-21,valid
CUST682273,2026-06-20,balanced,3,v1.3,2028-01-28,valid
CUST909711,2025-08-28,aggressive,61,v3.1,2027-09-08,valid
CUST162946,2025-10-02,conservative,91,v3.7,2028-06-15,expired
CUST317084,2026-06-14,balanced,6,v5.5,2028-02-19,valid
CUST747783,2024-08-18,conservative,62,v5.6,2026-12-06,valid
CUST579136,2026-04-17,growth,6,v2.1,2026-10-23,pending_review
CUST767687,2026-05-19,cautious,40,v3.6,2026-09-17,valid
CUST580635,2026-06-20,conservative,64,v1.4,2026-07-18,valid
CUST201157,2024-11-16,conservative,34,v5.7,2028-03-17,pending_review
CUST558186,2026-05-14,conservative,17,v5.2,2028-08-17,valid
CUST888461,2026-06-07,aggressive,13,v2.4,2026-12-05,valid
CUST758994,2025-03-03,growth,42,v3.1,2028-08-20,valid
CUST503820,2026-05-08,aggressive,64,v5.2,2028-12-20,expired
CUST643753,2026-05-04,aggressive,33,v4.4,2028-07-19,pending_review
CUST664132,2026-05-19,balanced,83,v3.0,2026-08-09,pending_review
CUST123494,2026-06-02,cautious,35,v4.8,2026-12-24,expired
CUST345530,2026-06-15,growth,74,v4.0,2026-10-16,valid
CUST403089,2025-07-13,aggressive,8,v5.8,2028-07-19,valid
CUST918084,2026-05-14,aggressive,9,v3.1,2028-07-29,expired
CUST812402,2026-05-29,growth,12,v4.2,2026-11-12,valid
CUST134999,2026-06-30,cautious,86,v2.5,2026-08-15,valid
CUST726672,2026-06-09,cautious,47,v1.4,2028-03-21,valid
CUST579624,2026-05-04,growth,62,v3.8,2026-11-10,valid
CUST949175,2024-06-21,aggressive,40,v3.5,2026-07-27,pending_review
CUST637636,2026-06-29,cautious,45,v4.2,2027-12-10,pending_review
CUST287911,2026-06-19,aggressive,48,v1.3,2027-03-27,valid
CUST364027,2026-05-29,aggressive,43,v3.8,2027-09-25,valid
CUST828427,2024-07-28,conservative,60,v4.8,2027-09-13,valid
CUST117971,2024-08-01,cautious,56,v5.0,2028-08-27,expired
CUST503650,2026-05-15,aggressive,92,v5.9,2027-11-02,valid
CUST636984,2026-05-13,balanced,34,v4.9,2028-12-13,valid
CUST580258,2026-06-04,aggressive,48,v4.8,2027-08-05,valid
CUST649327,2026-06-18,aggressive,83,v1.4,2028-07-27,valid
CUST437454,2026-06-02,cautious,7,v4.5,2027-11-08,pending_review
CUST796212,2026-06-10,growth,99,v1.4,2026-09-02,expired
CUST580394,2026-06-27,cautious,80,v5.4,2028-11-24,pending_review
CUST396637,2024-06-29,conservative,17,v1.9,2027-10-01,pending_review
CUST209590,2025-03-02,cautious,53,v2.2,2028-10-23,valid
CUST793407,2026-05-23,conservative,8,v5.7,2026-09-16,valid
CUST626406,2026-05-29,cautious,53,v4.0,2027-01-18,valid
CUST200688,2026-05-27,conservative,90,v1.2,2027-10-04,valid
CUST161729,2026-05-31,growth,85,v3.3,2027-10-25,valid
CUST704051,2026-06-06,cautious,52,v2.7,2028-04-22,valid
CUST608766,2026-06-16,aggressive,54,v1.5,2028-09-04,expired
CUST961047,2026-06-20,balanced,14,v3.0,2027-05-09,expired
CUST736180,2026-02-10,aggressive,93,v5.7,2026-10-20,expired
CUST558186,2026-06-22,conservative,15,v1.9,2028-12-15,valid
CUST531995,2025-06-25,growth,7,v2.0,2028-02-09,valid
CUST129728,2026-05-24,conservative,85,v1.7,2027-05-17,valid
CUST924562,2026-06-12,cautious,86,v4.6,2028-11-26,valid
CUST274161,2026-05-12,aggressive,23,v5.9,2026-09-13,pending_review
CUST786090,2025-08-14,conservative,80,v1.1,2027-12-20,valid
CUST195892,2024-04-13,conservative,34,v2.8,2026-12-03,valid
CUST346945,2024-06-16,aggressive,21,v2.2,2026-07-10,valid
CUST379175,2024-01-16,growth,52,v3.6,2026-08-02,expired
CUST707285,2025-12-02,aggressive,84,v2.8,2026-12-28,valid
CUST888461,2026-06-25,balanced,1,v2.2,2028-04-12,valid
CUST407174,2026-05-01,aggressive,60,v5.0,2027-04-06,expired
CUST174396,2026-06-18,growth,46,v5.3,2027-06-09,valid
CUST961133,2026-05-31,conservative,28,v4.2,2028-05-20,valid
CUST139643,2025-11-01,cautious,5,v3.3,2028-03-19,valid
CUST664132,2024-07-18,cautious,49,v3.8,2028-10-20,valid
CUST920920,2026-05-14,cautious,56,v3.2,2027-09-09,expired
CUST436625,2026-05-06,cautious,96,v5.8,2026-07-16,pending_review
CUST817964,2025-03-09,growth,79,v1.0,2026-09-07,valid
CUST387191,2025-04-09,aggressive,91,v5.3,2028-10-16,expired
CUST974168,2026-05-16,balanced,55,v2.5,2027-02-04,valid
CUST117187,2026-05-08,balanced,54,v1.4,2028-10-09,valid
CUST793832,2026-06-23,conservative,38,v4.6,2028-08-19,valid
CUST132363,2026-06-06,growth,95,v4.6,2027-09-09,expired
CUST456022,2026-05-28,aggressive,34,v5.7,2027-04-02,valid
CUST548960,2026-06-14,conservative,91,v1.1,2027-12-07,pending_review
CUST117971,2025-02-26,conservative,87,v5.7,2028-05-22,valid
CUST834761,2025-02-07,conservative,7,v4.1,2027-02-22,expired
CUST577367,2026-05-01,cautious,32,v3.0,2028-05-14,valid
CUST174396,2026-05-26,aggressive,6,v5.1,2026-11-25,valid
CUST903175,2025-12-06,conservative,55,v1.5,2028-12-04,valid
CUST649327,2026-04-08,aggressive,81,v4.9,2027-10-25,valid
CUST220610,2025-08-30,growth,2,v4.4,2027-07-11,pending_review
CUST310191,2026-05-27,balanced,98,v4.3,2027-07-26,valid
CUST708908,2026-06-11,growth,11,v1.3,2027-01-18,valid
CUST636627,2026-06-22,conservative,74,v3.7,2028-10-21,expired
CUST761800,2024-02-03,growth,7,v2.7,2026-11-29,pending_review
CUST832542,2024-12-03,cautious,47,v3.9,2028-10-13,expired
CUST931670,2024-04-25,growth,15,v5.9,2027-05-05,expired
CUST352136,2026-06-30,aggressive,79,v4.6,2028-06-19,valid
CUST295975,2025-02-19,balanced,61,v1.8,2028-04-02,expired
CUST799188,2026-05-24,growth,2,v2.8,2026-07-26,expired
CUST793407,2026-06-16,conservative,45,v1.5,2026-08-25,valid
CUST132401,2026-06-19,growth,71,v5.8,2027-09-08,valid
CUST447255,2026-05-01,growth,86,v2.1,2028-07-16,valid
CUST347652,2026-06-13,balanced,70,v2.8,2028-02-24,pending_review
CUST352136,2026-05-04,cautious,77,v1.5,2028-11-28,valid
CUST603733,2024-01-11,aggressive,9,v1.9,2027-05-10,valid
CUST995259,2024-06-06,conservative,94,v4.4,2026-10-24,valid
CUST452287,2026-06-15,aggressive,13,v4.7,2028-01-21,expired
CUST962388,2024-06-10,cautious,92,v1.9,2028-02-22,valid
CUST645522,2024-11-26,conservative,25,v2.9,2028-03-19,valid
CUST415730,2026-06-17,balanced,97,v1.2,2028-01-01,valid
CUST178485,2026-06-12,cautious,5,v3.8,2027-05-22,valid
CUST185492,2026-06-05,balanced,43,v4.8,2026-11-29,expired
CUST797843,2026-06-13,conservative,68,v1.8,2027-09-23,valid
CUST708908,2024-11-15,balanced,80,v4.6,2027-09-19,valid
CUST811725,2024-07-30,balanced,49,v1.4,2028-05-19,valid
CUST857650,2024-12-06,cautious,37,v4.0,2027-01-25,valid
CUST272808,2026-03-27,growth,1,v5.8,2028-12-12,valid
CUST114923,2026-05-11,growth,88,v5.3,2027-05-19,expired
CUST651796,2026-05-29,growth,92,v3.3,2028-11-18,pending_review
CUST952934,2024-11-06,aggressive,60,v2.3,2027-12-20,expired
CUST500775,2025-11-24,conservative,78,v1.2,2028-08-01,expired
CUST276962,2025-12-18,conservative,58,v3.0,2027-03-11,valid
CUST407174,2025-05-06,balanced,99,v1.1,2026-08-16,valid
CUST356509,2026-05-28,growth,52,v3.5,2028-06-14,pending_review
CUST788150,2026-05-19,balanced,17,v3.6,2027-11-07,valid
CUST230441,2024-01-20,balanced,55,v3.6,2028-01-11,valid
CUST434795,2025-04-05,cautious,77,v5.0,2027-04-04,pending_review
CUST485839,2026-05-30,aggressive,79,v4.2,2026-09-01,valid
CUST242378,2025-08-18,aggressive,11,v3.9,2028-01-13,valid
CUST668452,2024-03-27,growth,16,v5.4,2028-07-19,valid
CUST784089,2026-05-19,cautious,80,v3.0,2028-01-15,valid
CUST810816,2026-06-30,balanced,43,v4.2,2026-07-26,pending_review
CUST305959,2026-05-29,cautious,79,v1.2,2027-02-15,valid
CUST258454,2026-06-03,growth,55,v1.2,2026-07-14,valid
CUST308124,2025-08-08,growth,95,v4.4,2027-07-29,expired
CUST865091,2026-05-08,balanced,1,v2.9,2027-06-04,expired
CUST331464,2026-06-09,cautious,78,v4.1,2028-08-03,expired
CUST216174,2026-05-06,balanced,48,v1.2,2028-08-04,valid
CUST178490,2024-11-21,conservative,60,v2.7,2026-08-03,valid
CUST789118,2026-05-12,balanced,43,v4.8,2027-11-30,valid
CUST579886,2026-05-27,aggressive,32,v4.1,2028-04-01,valid
CUST629167,2024-08-02,growth,81,v2.5,2028-03-04,expired
CUST178485,2026-06-21,cautious,70,v4.2,2027-05-10,valid
CUST747098,2025-02-27,aggressive,69,v3.0,2028-01-09,valid
CUST977866,2026-05-20,balanced,45,v4.2,2028-09-16,expired
CUST995909,2025-12-17,aggressive,95,v3.4,2026-12-26,valid
CUST460348,2025-07-19,conservative,80,v1.1,2028-12-23,pending_review
CUST783870,2025-10-12,balanced,32,v2.4,2026-09-21,expired
CUST232286,2025-12-20,aggressive,81,v4.6,2028-07-23,expired
CUST458307,2024-06-03,conservative,78,v4.8,2028-06-09,valid
CUST727471,2026-06-01,conservative,74,v4.7,2027-07-09,valid
CUST724573,2026-05-10,growth,2,v5.7,2027-10-31,valid
CUST404674,2026-06-24,conservative,80,v5.0,2026-10-08,valid
CUST169674,2024-12-10,balanced,13,v4.3,2028-04-28,valid
CUST852129,2026-05-01,growth,6,v4.0,2028-11-21,pending_review
CUST276083,2026-06-07,cautious,32,v5.0,2026-09-29,expired
CUST978694,2025-03-07,conservative,73,v3.3,2027-02-20,valid
CUST500802,2024-01-02,conservative,18,v2.0,2027-10-12,expired
CUST230700,2024-10-27,balanced,6,v1.9,2027-10-10,valid
