account_id,customer_id,account_type,currency,open_date,status,branch
ACCT6268230,CUST788150,checking,CNY,2026-05-18,active,Branch_D
ACCT1563754,CUST595181,wealth_management,CNY,2018-03-28,active,Branch_C
ACCT3588754,CUST215584,investment,CNY,2026-06-20,active,Branch_B
ACCT7790149,CUST204468,checking,CNY,2026-06-20,active,Branch_A
ACCT7748042,CUST712312,investment,CNY,2025-08-03,active,Branch_D
ACCT8477562,CUST442350,checking,CNY,2026-05-26,active,Branch_B
ACCT6415748,CUST981067,wealth_management,CNY,2019-06-14,active,Branch_A
ACCT7968386,CUST598885,wealth_management,CNY,2026-06-22,active,Branch_C
ACCT7573638,CUST521682,checking,USD,2026-05-28,active,Branch_B
ACCT1725669,CUST663249,wealth_management,CNY,2026-06-04,active,Branch_E
ACCT4078016,CUST774113,checking,CNY,2026-05-17,active,Branch_E
ACCT3378961,CUST832542,wealth_management,HKD,2018-03-13,active,Branch_D
ACCT4667724,CUST800143,wealth_management,EUR,2023-10-06,active,Branch_E
ACCT5090006,CUST637962,investment,CNY,2023-08-11,active,Branch_A
ACCT9277119,CUST200560,wealth_management,USD,2022-11-06,active,Branch_E
ACCT2136677,CUST968853,checking,CNY,2024-08-21,active,Branch_A
ACCT8409463,CUST589022,investment,CNY,2026-05-03,active,Branch_B
ACCT7484946,CUST863147,savings,CNY,2022-07-04,closed,Branch_D
ACCT3917666,CUST898001,investment,CNY,2021-05-06,active,Branch_E
ACCT5380114,CUST281561,investment,USD,2026-05-09,active,Branch_D
ACCT3604359,CUST774113,checking,CNY,2026-05-12,closed,Branch_C
ACCT5780363,CUST175580,wealth_management,CNY,2026-05-13,active,Branch_E
ACCT6852293,CUST919738,wealth_management,CNY,2026-06-25,active,Branch_A
ACCT3365642,CUST154530,checking,CNY,2019-08-08,active,Branch_B
ACCT8394324,CUST902950,investment,CNY,2026-05-24,active,Branch_B
ACCT6685456,CUST402300,savings,USD,2026-05-03,active,Branch_E
ACCT8960500,CUST726539,wealth_management,CNY,2020-01-09,active,Branch_A
ACCT1139430,CUST884959,checking,HKD,2021-03-07,active,Branch_D
ACCT1729594,CUST843242,wealth_management,CNY,2026-06-06,active,Branch_C
ACCT8118042,CUST834761,wealth_management,EUR,2023-03-21,active,Branch_D
ACCT3724628,CUST942469,savings,CNY,2026-06-06,active,Branch_C
ACCT5234467,CUST478150,savings,CNY,2024-02-02,active,Branch_D
ACCT3146673,CUST707653,wealth_management,CNY,2026-05-26,active,Branch_A
ACCT5629160,CUST921186,wealth_management,CNY,2022-11-15,closed,Branch_A
ACCT4319313,CUST373693,wealth_management,CNY,2026-06-01,active,Branch_B
ACCT9998056,CUST622269,investment,USD,2026-06-26,active,Branch_D
ACCT4001358,CUST392269,wealth_management,CNY,2024-11-21,frozen,Branch_D
ACCT9700514,CUST792180,wealth_management,HKD,2026-06-03,active,Branch_C
ACCT1508951,CUST777542,wealth_management,CNY,2023-04-24,active,Branch_E
ACCT6319173,CUST342560,savings,CNY,2026-05-20,active,Branch_B
ACCT9108767,CUST696789,wealth_management,CNY,2026-06-02,active,Branch_C
ACCT4949153,CUST139643,checking,CNY,2026-06-24,frozen,Branch_D
ACCT8306448,CUST793407,wealth_management,CNY,2023-06-29,active,Branch_B
ACCT3880220,CUST576344,investment,CNY,2026-06-22,active,Branch_D
ACCT5283077,CUST650844,checking,CNY,2024-03-27,active,Branch_A
ACCT1911367,CUST726539,investment,CNY,2024-11-16,active,Branch_B
ACCT3947588,CUST829460,checking,USD,2026-06-02,active,Branch_D
ACCT7020613,CUST220610,checking,CNY,2025-11-11,active,Branch_D
ACCT7846875,CUST109408,savings,USD,2025-08-12,active,Branch_D
ACCT7070619,CUST909711,checking,USD,2023-04-14,active,Branch_A
ACCT6656267,CUST877310,investment,CNY,2026-06-24,frozen,Branch_C
ACCT8046710,CUST425575,investment,CNY,2026-05-30,active,Branch_D
ACCT6139606,CUST877279,checking,USD,2026-05-23,active,Branch_D
ACCT9673151,CUST311581,checking,CNY,2026-06-15,closed,Branch_B
ACCT7597027,CUST217032,investment,CNY,2026-06-30,active,Branch_C
ACCT8363740,CUST489498,savings,USD,2026-05-31,active,Branch_C
ACCT4322559,CUST758994,savings,EUR,2026-06-05,active,Branch_D
ACCT9221618,CUST610757,wealth_management,CNY,2026-05-24,active,Branch_E
ACCT5888978,CUST884959,savings,CNY,2020-08-06,active,Branch_D
ACCT9147369,CUST786090,wealth_management,CNY,2026-05-28,active,Branch_B
ACCT8390768,CUST829980,checking,CNY,2026-05-19,active,Branch_A
ACCT6652774,CUST927631,wealth_management,CNY,2022-02-12,active,Branch_A
ACCT8846398,CUST577889,checking,USD,2026-06-10,active,Branch_A
ACCT9217598,CUST348786,savings,CNY,2025-06-26,active,Branch_A
ACCT8750873,CUST881411,checking,CNY,2026-05-01,active,Branch_B
ACCT6339455,CUST472066,checking,CNY,2026-06-10,active,Branch_A
ACCT8894013,CUST575280,savings,EUR,2020-03-28,active,Branch_E
ACCT9392230,CUST355625,checking,CNY,2026-06-14,active,Branch_E
ACCT7097060,CUST351443,checking,HKD,2026-06-21,active,Branch_B
ACCT9898718,CUST891423,savings,USD,2026-05-23,active,Branch_C
ACCT4302403,CUST115148,checking,CNY,2026-05-17,active,Branch_E
ACCT9843791,CUST877682,savings,USD,2022-08-12,active,Branch_A
ACCT3911820,CUST362681,wealth_management,CNY,2026-06-30,active,Branch_E
ACCT9424373,CUST649327,checking,CNY,2026-05-29,active,Branch_D
ACCT8687613,CUST373693,savings,CNY,2019-03-11,active,Branch_D
ACCT4113610,CUST769768,investment,CNY,2026-06-22,active,Branch_C
ACCT5857485,CUST892330,checking,EUR,2021-04-08,active,Branch_D
ACCT4911573,CUST942469,savings,CNY,2026-04-16,active,Branch_A
ACCT8731269,CUST280765,investment,CNY,2023-05-13,active,Branch_D
ACCT3598589,CUST460277,checking,USD,2026-05-09,active,Branch_D
ACCT2201447,CUST842953,wealth_management,CNY,2026-06-02,active,Branch_B
ACCT2059448,CUST972084,wealth_management,CNY,2026-05-13,active,Branch_A
ACCT1650420,CUST706662,checking,CNY,2026-06-02,active,Branch_B
ACCT7592961,CUST894861,checking,CNY,2018-04-07,active,Branch_B
ACCT6646374,CUST449352,investment,EUR,2020-02-13,active,Branch_A
ACCT9206539,CUST920920,wealth_management,CNY,2026-06-12,frozen,Branch_D
ACCT4459827,CUST506847,wealth_management,CNY,2022-06-11,active,Branch_D
ACCT9563659,CUST698433,investment,EUR,2026-06-13,active,Branch_E
ACCT1884897,CUST295975,savings,CNY,2026-06-12,frozen,Branch_D
ACCT5373127,CUST694040,investment,USD,2020-11-20,active,Branch_D
ACCT7042714,CUST570156,checking,CNY,2026-05-15,closed,Branch_A
ACCT5401147,CUST796212,investment,CNY,2024-09-29,active,Branch_B
ACCT1343098,CUST829460,wealth_management,CNY,2024-11-18,active,Branch_A
ACCT2546044,CUST650159,checking,EUR,2024-10-30,active,Branch_E
ACCT9122161,CUST619318,savings,CNY,2026-05-22,active,Branch_D
ACCT3347175,CUST829980,investment,CNY,2026-06-26,frozen,Branch_E
ACCT3508236,CUST521682,savings,CNY,2026-05-13,active,Branch_E
ACCT6090721,CUST775602,checking,USD,2024-02-10,active,Branch_E
ACCT7138978,CUST714083,savings,USD,2026-05-12,active,Branch_B
ACCT5779999,CUST173909,checking,CNY,2026-06-20,active,Branch_B
ACCT2186112,CUST597026,checking,USD,2026-06-09,active,Branch_A
ACCT4833120,CUST854980,checking,CNY,2026-06-27,active,Branch_D
ACCT4354503,CUST214292,investment,USD,2026-06-05,active,Branch_B
ACCT3758821,CUST696789,checking,CNY,2025-10-05,frozen,Branch_E
ACCT4168237,CUST891932,checking,USD,2026-04-05,active,Branch_E
ACCT1087660,CUST330765,checking,USD,2026-05-14,active,Branch_D
ACCT6053279,CUST931729,savings,CNY,2026-05-19,closed,Branch_B
ACCT6920022,CUST417444,savings,CNY,2022-10-16,active,Branch_E
ACCT9051438,CUST269485,wealth_management,CNY,2026-06-21,active,Branch_A
ACCT9169149,CUST898185,investment,CNY,2026-06-29,active,Branch_E
ACCT7447810,CUST883067,investment,EUR,2022-03-24,closed,Branch_A
ACCT6097144,CUST527873,investment,CNY,2019-04-25,active,Branch_D
ACCT2015565,CUST708908,investment,CNY,2026-06-24,active,Branch_C
ACCT2113710,CUST951080,wealth_management,CNY,2024-11-11,active,Branch_D
ACCT9412832,CUST883067,investment,CNY,2020-01-14,active,Branch_C
ACCT6425715,CUST982583,checking,CNY,2026-05-01,active,Branch_C
ACCT5422535,CUST767687,savings,EUR,2026-05-25,closed,Branch_D
ACCT3773910,CUST328726,wealth_management,USD,2022-06-09,active,Branch_C
ACCT1694316,CUST949175,wealth_management,CNY,2026-06-05,active,Branch_B
ACCT3541064,CUST503201,checking,CNY,2026-05-02,frozen,Branch_A
ACCT2264354,CUST259297,savings,CNY,2026-05-19,closed,Branch_C
ACCT9664489,CUST951204,checking,CNY,2022-06-29,frozen,Branch_B
ACCT6353006,CUST364216,savings,CNY,2023-03-31,active,Branch_D
ACCT5868908,CUST161053,investment,EUR,2026-05-17,frozen,Branch_C
ACCT6736199,CUST746147,investment,CNY,2026-05-02,active,Branch_B
ACCT9319844,CUST490027,savings,CNY,2026-05-06,closed,Branch_B
ACCT4101007,CUST758684,savings,CNY,2019-11-01,frozen,Branch_B
ACCT5179175,CUST204360,savings,CNY,2026-06-09,active,Branch_C
ACCT6001439,CUST950306,investment,CNY,2026-06-06,active,Branch_B
ACCT8598766,CUST453960,savings,CNY,2022-08-26,active,Branch_D
ACCT5612459,CUST637962,wealth_management,CNY,2026-05-23,active,Branch_E
ACCT8485814,CUST734640,savings,CNY,2026-05-28,active,Branch_B
ACCT3222334,CUST749818,wealth_management,CNY,2026-06-26,active,Branch_C
ACCT1138749,CUST599982,savings,HKD,2026-05-22,active,Branch_B
ACCT7279868,CUST531936,savings,CNY,2026-06-20,active,Branch_B
ACCT7412009,CUST608766,savings,USD,2026-06-27,active,Branch_B
ACCT3447004,CUST586652,wealth_management,EUR,2026-06-12,active,Branch_E
ACCT5794311,CUST682637,checking,EUR,2026-05-05,active,Branch_D
ACCT9698881,CUST267144,wealth_management,EUR,2026-05-07,active,Branch_E
ACCT9584790,CUST745757,checking,CNY,2026-06-04,active,Branch_A
ACCT1579264,CUST828427,savings,USD,2018-08-27,frozen,Branch_B
ACCT3260696,CUST914038,investment,CNY,2021-09-13,active,Branch_D
ACCT4145943,CUST708275,checking,CNY,2026-05-07,active,Branch_B
ACCT4054745,CUST190279,investment,CNY,2026-06-20,active,Branch_A
ACCT5266095,CUST169674,wealth_management,CNY,2023-04-19,active,Branch_D
ACCT9629210,CUST486173,investment,CNY,2026-05-03,active,Branch_D
ACCT5661173,CUST719319,checking,EUR,2026-05-16,active,Branch_B
ACCT7388666,CUST781827,wealth_management,EUR,2026-06-09,active,Branch_C
ACCT7573128,CUST977866,wealth_management,CNY,2026-05-08,active,Branch_D
ACCT3440378,CUST236092,wealth_management,USD,2022-10-24,active,Branch_D
ACCT9447313,CUST523870,wealth_management,EUR,2020-03-12,closed,Branch_C
ACCT7044809,CUST884364,investment,CNY,2026-05-06,active,Branch_B
ACCT5326784,CUST961133,savings,CNY,2022-04-18,active,Branch_D
ACCT6213925,CUST248762,investment,CNY,2026-05-29,active,Branch_C
ACCT5502322,CUST767254,investment,CNY,2026-05-10,active,Branch_B
ACCT2314101,CUST340364,checking,CNY,2025-09-06,active,Branch_C
ACCT8862208,CUST402300,wealth_management,CNY,2026-06-18,active,Branch_D
ACCT8156866,CUST427448,savings,CNY,2026-06-24,active,Branch_A
ACCT7366359,CUST387043,wealth_management,CNY,2018-03-06,active,Branch_A
ACCT8756862,CUST471948,investment,CNY,2023-12-26,active,Branch_D
ACCT5097361,CUST379366,investment,USD,2026-05-21,active,Branch_A
ACCT8190312,CUST547072,investment,USD,2026-06-26,active,Branch_D
ACCT5487693,CUST219406,wealth_management,CNY,2021-10-19,active,Branch_C
ACCT6190121,CUST548488,investment,CNY,2018-03-26,active,Branch_A
ACCT4617299,CUST175339,wealth_management,CNY,2026-05-18,closed,Branch_B
ACCT1195011,CUST472066,savings,USD,2023-02-28,active,Branch_D
ACCT8892162,CUST250947,savings,CNY,2026-06-25,active,Branch_D
ACCT2394460,CUST560498,investment,CNY,2018-08-03,active,Branch_E
ACCT4467797,CUST834516,investment,EUR,2021-06-23,active,Branch_B
ACCT8834991,CUST142511,investment,EUR,2021-12-26,active,Branch_A
ACCT9072316,CUST603998,wealth_management,CNY,2018-08-25,active,Branch_E
ACCT3346110,CUST942469,checking,CNY,2022-12-26,active,Branch_B
ACCT4903208,CUST586542,wealth_management,CNY,2022-08-23,active,Branch_E
ACCT8142931,CUST335777,savings,CNY,2026-05-18,active,Branch_E
ACCT4819213,CUST726672,checking,USD,2026-05-15,active,Branch_E
ACCT2681120,CUST404287,wealth_management,CNY,2026-06-27,frozen,Branch_D
ACCT4619083,CUST580635,wealth_management,CNY,2026-05-12,active,Branch_B
ACCT1794681,CUST311581,checking,USD,2026-05-16,active,Branch_B
ACCT4905608,CUST485837,investment,CNY,2020-12-15,active,Branch_B
ACCT1928252,CUST815221,investment,CNY,2019-07-26,active,Branch_A
ACCT8123978,CUST347143,checking,EUR,2023-04-08,active,Branch_A
ACCT7517374,CUST559222,savings,CNY,2018-01-20,frozen,Branch_A
ACCT5567648,CUST974168,checking,CNY,2026-05-21,active,Branch_E
ACCT7052645,CUST664346,checking,CNY,2026-05-09,active,Branch_C
ACCT5258055,CUST679770,investment,EUR,2026-05-27,closed,Branch_E
ACCT2156809,CUST889896,checking,EUR,2018-07-21,active,Branch_B
ACCT4286974,CUST392421,savings,USD,2020-08-23,active,Branch_E
ACCT7625861,CUST337461,savings,CNY,2018-01-10,active,Branch_E
ACCT6008116,CUST347652,savings,CNY,2018-09-13,active,Branch_B
ACCT4924166,CUST541190,checking,USD,2026-06-10,active,Branch_E
ACCT8801818,CUST965174,wealth_management,CNY,2020-05-11,active,Branch_B
ACCT8739154,CUST117187,investment,CNY,2022-04-09,active,Branch_C
ACCT2262781,CUST140058,wealth_management,CNY,2026-06-29,active,Branch_A
ACCT5073421,CUST138162,savings,HKD,2024-08-05,active,Branch_D
ACCT8918831,CUST546024,savings,CNY,2020-09-24,active,Branch_A
ACCT4034981,CUST396637,checking,CNY,2026-05-16,active,Branch_A
ACCT5042547,CUST738619,investment,CNY,2020-03-25,active,Branch_D
ACCT1412043,CUST789913,investment,CNY,2026-06-15,active,Branch_B
ACCT1211616,CUST586542,investment,CNY,2026-06-01,closed,Branch_A
ACCT1594829,CUST103856,wealth_management,USD,2026-06-27,closed,Branch_A
ACCT6718634,CUST500802,checking,CNY,2026-04-29,active,Branch_D
ACCT5178724,CUST365643,checking,CNY,2026-05-29,active,Branch_D
ACCT2931936,CUST518843,checking,CNY,2021-04-26,active,Branch_C
ACCT6887178,CUST418334,savings,CNY,2026-06-23,active,Branch_A
ACCT6321878,CUST796212,wealth_management,HKD,2019-06-01,frozen,Branch_C
ACCT2505302,CUST545034,investment,CNY,2026-05-30,active,Branch_C
ACCT3452390,CUST974830,wealth_management,CNY,2026-06-20,active,Branch_B
ACCT9996930,CUST273873,checking,CNY,2023-07-08,active,Branch_D
ACCT6458630,CUST202991,savings,USD,2018-06-02,active,Branch_D
ACCT8024308,CUST505180,checking,USD,2024-08-24,active,Branch_A
ACCT7832262,CUST686540,savings,CNY,2020-09-20,active,Branch_A
ACCT8295932,CUST605171,investment,CNY,2025-12-22,active,Branch_C
ACCT7524838,CUST903175,checking,CNY,2026-05-06,active,Branch_A
ACCT9589243,CUST910239,wealth_management,CNY,2026-06-13,closed,Branch_A
ACCT7078017,CUST406910,wealth_management,CNY,2026-05-30,active,Branch_C
ACCT2714254,CUST557636,savings,CNY,2026-06-11,active,Branch_B
ACCT5557273,CUST407174,wealth_management,CNY,2026-06-03,active,Branch_E
ACCT1158651,CUST988320,savings,HKD,2022-02-19,active,Branch_D
ACCT1934757,CUST629625,savings,CNY,2018-01-06,active,Branch_D
ACCT6220118,CUST848078,checking,CNY,2026-05-08,active,Branch_B
ACCT5777503,CUST880618,savings,CNY,2026-05-02,active,Branch_A
ACCT9330697,CUST691060,wealth_management,CNY,2018-01-16,closed,Branch_E
ACCT8793583,CUST242699,wealth_management,CNY,2026-06-25,active,Branch_C
ACCT8369657,CUST822810,investment,CNY,2026-06-12,active,Branch_E
ACCT1030165,CUST647883,wealth_management,CNY,2026-06-30,active,Branch_A
ACCT8918654,CUST871948,savings,CNY,2026-05-09,active,Branch_D
ACCT5823194,CUST291355,wealth_management,CNY,2020-02-19,active,Branch_B
ACCT1887570,CUST345530,checking,CNY,2026-05-17,active,Branch_A
ACCT1786526,CUST735177,checking,HKD,2019-11-16,active,Branch_B
ACCT6036984,CUST708846,checking,EUR,2026-05-20,active,Branch_B
ACCT7789332,CUST543653,savings,CNY,2026-05-29,active,Branch_C
ACCT9107630,CUST629625,savings,CNY,2026-06-17,active,Branch_C
ACCT3908956,CUST243670,checking,CNY,2026-05-04,active,Branch_A
ACCT2126528,CUST189906,investment,CNY,2021-08-23,active,Branch_D
ACCT3761059,CUST526515,wealth_management,CNY,2026-05-11,active,Branch_C
ACCT6542343,CUST940478,savings,CNY,2026-05-29,active,Branch_B
ACCT2709165,CUST570156,checking,CNY,2020-08-23,closed,Branch_B
ACCT6830808,CUST687568,savings,CNY,2026-05-09,active,Branch_A
ACCT8958690,CUST356509,savings,CNY,2026-05-16,active,Branch_B
ACCT6764659,CUST505180,savings,CNY,2026-05-04,closed,Branch_D
ACCT6544602,CUST783195,checking,CNY,2018-01-03,active,Branch_A
ACCT1395276,CUST805883,investment,EUR,2026-06-30,active,Branch_B
ACCT5418047,CUST215584,investment,HKD,2026-06-30,active,Branch_C
ACCT6190864,CUST977745,wealth_management,CNY,2026-06-22,active,Branch_C
ACCT4833447,CUST914523,savings,CNY,2026-05-29,active,Branch_D
ACCT3307921,CUST870024,checking,CNY,2026-05-13,active,Branch_D
ACCT8149647,CUST140058,savings,USD,2026-05-29,active,Branch_B
ACCT8255247,CUST117664,checking,CNY,2026-05-24,active,Branch_E
ACCT3126726,CUST754266,wealth_management,USD,2021-04-27,active,Branch_A
ACCT4655708,CUST440397,checking,USD,2021-10-20,active,Branch_D
ACCT1528109,CUST776389,checking,USD,2026-05-12,active,Branch_C
ACCT6587492,CUST706662,savings,USD,2026-06-01,active,Branch_B
ACCT8299790,CUST659268,savings,CNY,2026-05-05,active,Branch_B
ACCT3244422,CUST410442,checking,EUR,2026-05-26,active,Branch_D
ACCT5226506,CUST708538,savings,CNY,2023-06-30,active,Branch_D
ACCT7127695,CUST738619,investment,USD,2026-05-01,frozen,Branch_D
ACCT7918783,CUST487036,savings,CNY,2026-06-09,active,Branch_D
ACCT5492240,CUST570437,investment,CNY,2026-05-25,frozen,Branch_B
ACCT8480355,CUST288614,checking,CNY,2026-06-19,active,Branch_B
ACCT5758758,CUST579624,investment,CNY,2026-05-03,active,Branch_B
ACCT1191532,CUST661455,savings,CNY,2026-05-20,active,Branch_D
ACCT2554816,CUST489684,checking,CNY,2026-05-27,closed,Branch_B
ACCT4022090,CUST356509,savings,HKD,2026-06-06,active,Branch_E
ACCT3288882,CUST506847,investment,CNY,2019-09-26,active,Branch_B
ACCT8143821,CUST121156,checking,CNY,2026-06-30,active,Branch_B
ACCT7700473,CUST899267,checking,CNY,2026-05-16,active,Branch_C
ACCT7334042,CUST787251,wealth_management,CNY,2026-05-23,active,Branch_D
ACCT5056494,CUST148168,savings,CNY,2026-05-05,frozen,Branch_B
ACCT9094278,CUST687568,checking,CNY,2026-05-13,active,Branch_C
ACCT5076096,CUST926694,investment,USD,2020-06-20,active,Branch_A
ACCT6099475,CUST388812,savings,CNY,2026-05-17,active,Branch_B
ACCT9121505,CUST281295,checking,USD,2026-06-25,active,Branch_E
ACCT6495239,CUST209590,checking,CNY,2026-06-24,active,Branch_B
ACCT1793432,CUST761568,wealth_management,CNY,2026-06-27,frozen,Branch_C
ACCT3800978,CUST913931,savings,CNY,2026-05-14,active,Branch_D
ACCT3859267,CUST862694,savings,CNY,2026-06-25,active,Branch_E
ACCT7798894,CUST923960,wealth_management,CNY,2026-05-27,active,Branch_D
ACCT2143759,CUST836854,wealth_management,CNY,2024-12-21,active,Branch_B
ACCT8832973,CUST898001,checking,CNY,2023-08-30,closed,Branch_B
ACCT1545098,CUST299352,checking,EUR,2026-06-18,active,Branch_C
ACCT6669711,CUST942924,savings,CNY,2026-06-21,active,Branch_C
ACCT6260014,CUST422500,wealth_management,CNY,2026-06-03,active,Branch_D
ACCT4756096,CUST352625,savings,CNY,2021-11-22,active,Branch_D
ACCT3516574,CUST962388,checking,CNY,2019-05-20,active,Branch_A
ACCT2428237,CUST647883,wealth_management,CNY,2023-05-20,active,Branch_A
ACCT6109279,CUST836854,savings,HKD,2026-06-03,active,Branch_B
ACCT6816229,CUST589022,savings,CNY,2026-06-28,active,Branch_D
ACCT1997092,CUST315977,savings,USD,2026-05-30,active,Branch_D
ACCT8094449,CUST557636,savings,CNY,2026-06-19,active,Branch_D
ACCT5990182,CUST845795,wealth_management,CNY,2026-05-04,active,Branch_B
ACCT4372696,CUST774113,wealth_management,CNY,2026-06-23,active,Branch_E
ACCT8403961,CUST922906,investment,CNY,2026-06-18,active,Branch_C
ACCT7508231,CUST288614,savings,CNY,2026-06-27,active,Branch_E
ACCT8452185,CUST755786,wealth_management,CNY,2023-06-02,active,Branch_A
ACCT3320320,CUST281967,savings,CNY,2019-02-01,active,Branch_A
ACCT3564788,CUST747098,wealth_management,EUR,2026-06-21,active,Branch_C
ACCT5397763,CUST187823,savings,EUR,2023-10-28,active,Branch_D
ACCT1657371,CUST752125,checking,USD,2026-05-28,active,Branch_C
ACCT5449598,CUST212259,checking,CNY,2026-05-24,active,Branch_E
ACCT4223271,CUST241287,savings,CNY,2026-06-13,frozen,Branch_A
ACCT8199298,CUST337461,savings,CNY,2026-05-21,active,Branch_C
ACCT3723551,CUST545034,savings,EUR,2026-06-14,active,Branch_D
ACCT2283792,CUST907728,investment,USD,2019-09-03,closed,Branch_C
ACCT3684381,CUST219244,checking,USD,2023-03-21,active,Branch_A
ACCT4184738,CUST706662,savings,USD,2026-06-09,closed,Branch_C
ACCT4019031,CUST629625,wealth_management,CNY,2026-06-10,active,Branch_C
ACCT7304002,CUST487786,investment,CNY,2026-05-04,closed,Branch_E
ACCT1439721,CUST725885,checking,USD,2025-11-11,active,Branch_B
ACCT8322488,CUST434618,investment,CNY,2026-05-14,active,Branch_D
ACCT6885014,CUST940478,investment,USD,2026-05-27,active,Branch_D
ACCT6253581,CUST579624,wealth_management,CNY,2026-05-16,active,Branch_E
ACCT9810974,CUST712623,investment,CNY,2026-06-17,active,Branch_C
ACCT5395484,CUST206409,savings,CNY,2026-06-05,active,Branch_E
ACCT3468277,CUST862332,investment,CNY,2019-08-21,active,Branch_D
ACCT9235448,CUST931670,wealth_management,CNY,2019-05-27,active,Branch_A
ACCT7553739,CUST741371,wealth_management,CNY,2026-06-03,active,Branch_C
ACCT6987155,CUST110711,savings,CNY,2026-05-04,active,Branch_A
ACCT6481240,CUST418334,investment,CNY,2023-07-31,frozen,Branch_B
ACCT7963523,CUST230700,wealth_management,USD,2026-06-28,active,Branch_E
ACCT9704922,CUST690632,investment,CNY,2026-05-31,active,Branch_C
ACCT9356152,CUST455462,savings,USD,2026-05-03,frozen,Branch_D
ACCT1260567,CUST111683,investment,CNY,2026-06-22,active,Branch_B
ACCT3234328,CUST959224,checking,CNY,2024-04-19,closed,Branch_E
ACCT6756087,CUST562937,wealth_management,CNY,2026-06-11,active,Branch_B
ACCT5655199,CUST707599,checking,USD,2026-06-22,active,Branch_C
ACCT3138688,CUST164039,wealth_management,CNY,2024-10-31,active,Branch_D
ACCT3738121,CUST877310,savings,CNY,2018-05-21,active,Branch_B
ACCT6927830,CUST352136,checking,CNY,2026-05-11,active,Branch_C
ACCT6457409,CUST109408,checking,CNY,2025-11-24,closed,Branch_C
ACCT7175836,CUST662307,checking,CNY,2021-04-29,active,Branch_E
ACCT5169606,CUST373048,wealth_management,CNY,2026-06-21,active,Branch_B
ACCT3660292,CUST434618,wealth_management,USD,2026-05-17,closed,Branch_B
ACCT4597240,CUST440299,savings,CNY,2026-05-20,active,Branch_A
ACCT6713753,CUST975039,wealth_management,CNY,2026-06-27,active,Branch_E
ACCT2237729,CUST410442,wealth_management,CNY,2025-11-04,active,Branch_A
ACCT7208000,CUST924562,wealth_management,CNY,2026-05-31,active,Branch_D
ACCT2810158,CUST873729,wealth_management,CNY,2025-08-28,active,Branch_C
ACCT8384319,CUST699675,savings,USD,2026-06-28,active,Branch_C
ACCT3618018,CUST542353,savings,USD,2026-06-04,active,Branch_C
ACCT9628353,CUST206409,savings,EUR,2023-03-01,active,Branch_C
ACCT8987597,CUST793832,checking,CNY,2026-05-17,closed,Branch_A
ACCT5644167,CUST598885,savings,CNY,2026-05-30,closed,Branch_E
ACCT5140506,CUST432206,wealth_management,HKD,2023-09-24,active,Branch_C
ACCT1033745,CUST928819,wealth_management,USD,2026-05-09,active,Branch_C
ACCT3097170,CUST797843,savings,EUR,2023-01-12,active,Branch_C
ACCT8331552,CUST125346,checking,USD,2026-05-03,active,Branch_B
ACCT3181786,CUST687104,savings,CNY,2026-05-26,active,Branch_A
ACCT8803408,CUST842953,savings,CNY,2026-05-16,active,Branch_C
ACCT4210385,CUST140058,checking,CNY,2018-09-13,active,Branch_B
ACCT7538194,CUST733682,savings,USD,2026-06-10,active,Branch_C
ACCT6715307,CUST372649,wealth_management,CNY,2025-03-07,active,Branch_C
ACCT5025634,CUST603733,savings,USD,2024-01-18,frozen,Branch_B
ACCT3017459,CUST425575,investment,CNY,2026-05-25,active,Branch_E
ACCT1497337,CUST359269,wealth_management,CNY,2026-06-26,active,Branch_C
ACCT8048642,CUST940478,investment,CNY,2026-05-14,active,Branch_E
ACCT7019042,CUST603998,savings,CNY,2026-06-02,active,Branch_B
ACCT5132236,CUST498278,wealth_management,CNY,2026-05-31,active,Branch_A
ACCT9005163,CUST892330,investment,CNY,2026-06-07,active,Branch_C
ACCT8444599,CUST769768,checking,CNY,2026-05-20,closed,Branch_C
ACCT1701978,CUST735177,investment,USD,2026-06-12,active,Branch_C
ACCT2429513,CUST580258,wealth_management,CNY,2020-04-22,active,Branch_A
ACCT6746306,CUST712623,investment,CNY,2026-05-09,active,Branch_C
ACCT4207156,CUST298723,wealth_management,USD,2026-05-18,active,Branch_E
ACCT3643517,CUST287678,savings,USD,2026-05-21,active,Branch_E
ACCT6332428,CUST470782,checking,CNY,2026-06-27,active,Branch_A
ACCT9610041,CUST770606,checking,CNY,2026-05-03,closed,Branch_E
ACCT8254201,CUST914038,savings,CNY,2026-06-27,active,Branch_C
ACCT6457634,CUST787488,checking,CNY,2026-06-15,active,Branch_C
ACCT4688731,CUST410442,wealth_management,CNY,2026-06-08,active,Branch_E
ACCT8287381,CUST664346,savings,CNY,2026-06-17,active,Branch_B
ACCT5254065,CUST283991,savings,USD,2026-06-30,active,Branch_B
ACCT5360264,CUST273122,savings,CNY,2026-06-15,active,Branch_C
ACCT2913151,CUST985688,checking,CNY,2026-06-08,active,Branch_D
ACCT4362442,CUST342313,wealth_management,CNY,2026-05-19,active,Branch_B
ACCT6103455,CUST274161,savings,CNY,2026-06-24,active,Branch_D
ACCT8116563,CUST893099,savings,USD,2023-01-26,active,Branch_A
ACCT3481451,CUST500775,checking,USD,2026-06-05,active,Branch_E
ACCT4990629,CUST725335,checking,CNY,2026-05-02,frozen,Branch_B
ACCT9564401,CUST647586,wealth_management,CNY,2022-05-27,active,Branch_D
ACCT9257636,CUST436625,savings,CNY,2026-05-29,active,Branch_C
ACCT8087232,CUST754266,checking,CNY,2020-01-03,active,Branch_E
ACCT7829708,CUST741486,investment,USD,2026-06-20,active,Branch_E
ACCT8724605,CUST747098,savings,EUR,2026-05-21,active,Branch_E
ACCT2562574,CUST692108,wealth_management,EUR,2020-11-29,active,Branch_B
ACCT5765816,CUST317084,investment,CNY,2026-06-15,active,Branch_D
ACCT4808466,CUST595530,investment,CNY,2022-04-22,active,Branch_A
ACCT1295416,CUST739166,savings,CNY,2026-06-28,active,Branch_D
ACCT7663126,CUST803449,investment,CNY,2026-05-31,active,Branch_B
ACCT9616515,CUST205606,checking,CNY,2026-06-24,active,Branch_B
ACCT2740208,CUST892330,savings,CNY,2026-06-01,closed,Branch_E
ACCT5671695,CUST948215,wealth_management,CNY,2026-06-03,active,Branch_C
ACCT7028271,CUST992533,wealth_management,CNY,2026-05-06,active,Branch_E
ACCT6672089,CUST336296,savings,CNY,2026-06-29,closed,Branch_B
ACCT6614089,CUST348547,savings,HKD,2026-06-17,active,Branch_A
ACCT8294978,CUST364027,wealth_management,EUR,2024-09-08,active,Branch_A
ACCT6269136,CUST306926,savings,CNY,2026-06-10,active,Branch_B
ACCT4350039,CUST920920,investment,CNY,2026-05-24,active,Branch_D
ACCT8673890,CUST724974,investment,CNY,2024-08-29,active,Branch_E
ACCT6730360,CUST848078,checking,CNY,2023-02-28,active,Branch_E
ACCT2615870,CUST584059,savings,CNY,2026-06-12,active,Branch_B
ACCT8408975,CUST864212,savings,EUR,2020-02-10,active,Branch_E
ACCT9298173,CUST579624,checking,CNY,2026-06-07,closed,Branch_D
ACCT1298762,CUST114506,investment,CNY,2026-06-23,active,Branch_E
ACCT9282878,CUST619318,savings,HKD,2024-03-21,active,Branch_E
ACCT9804846,CUST305959,checking,USD,2019-05-18,active,Branch_C
ACCT4510538,CUST487116,investment,EUR,2026-06-07,active,Branch_C
ACCT1966014,CUST531579,savings,CNY,2024-09-14,active,Branch_E
ACCT4196099,CUST862332,wealth_management,CNY,2026-05-17,active,Branch_D
ACCT4101835,CUST515433,savings,CNY,2026-06-23,active,Branch_C
ACCT6543775,CUST782282,checking,CNY,2026-06-18,active,Branch_E
ACCT8665704,CUST212031,checking,CNY,2021-12-10,active,Branch_B
ACCT6324115,CUST800168,checking,USD,2026-05-11,active,Branch_C
ACCT5856106,CUST599293,investment,CNY,2025-12-12,active,Branch_D
ACCT2226055,CUST815221,investment,CNY,2020-07-27,active,Branch_A
ACCT3106561,CUST992533,wealth_management,EUR,2026-06-21,active,Branch_C
ACCT8163194,CUST920972,savings,EUR,2026-05-25,closed,Branch_B
ACCT1617444,CUST603733,savings,CNY,2022-12-16,active,Branch_E
ACCT5897258,CUST951080,savings,CNY,2019-12-28,active,Branch_B
ACCT5017008,CUST440299,savings,CNY,2026-06-04,active,Branch_A
ACCT1415333,CUST708908,savings,CNY,2026-06-26,active,Branch_E
ACCT1394522,CUST500802,investment,HKD,2026-06-13,active,Branch_C
ACCT1217607,CUST503593,investment,CNY,2024-03-17,closed,Branch_A
ACCT7787688,CUST230700,wealth_management,CNY,2022-07-13,active,Branch_A
ACCT2478309,CUST315977,savings,CNY,2020-10-03,active,Branch_C
ACCT1719163,CUST758994,investment,CNY,2026-05-10,active,Branch_E
ACCT8485835,CUST195212,savings,CNY,2019-01-14,active,Branch_E
ACCT8516034,CUST800168,investment,CNY,2026-05-25,active,Branch_E
ACCT4153856,CUST295975,investment,EUR,2026-06-23,active,Branch_E
ACCT8929123,CUST214292,checking,CNY,2022-10-05,active,Branch_A
ACCT1113608,CUST486989,checking,EUR,2026-06-15,active,Branch_A
ACCT8948211,CUST992741,checking,CNY,2026-05-04,active,Branch_D
ACCT4064373,CUST822377,investment,EUR,2026-05-10,active,Branch_E
ACCT2465896,CUST959931,investment,USD,2018-07-26,active,Branch_A
ACCT4190587,CUST981067,checking,CNY,2023-12-02,active,Branch_E
ACCT6438408,CUST602192,checking,CNY,2026-06-29,active,Branch_C
ACCT4946165,CUST355977,wealth_management,CNY,2018-01-25,closed,Branch_D
ACCT4676418,CUST799188,checking,HKD,2026-05-16,active,Branch_D
ACCT2595266,CUST739419,checking,CNY,2026-06-30,active,Branch_C
ACCT5155195,CUST687680,investment,CNY,2018-11-16,frozen,Branch_E
ACCT7687165,CUST263450,wealth_management,CNY,2019-03-06,active,Branch_B
ACCT6985682,CUST864212,savings,USD,2026-06-23,active,Branch_C
ACCT5502412,CUST784089,wealth_management,CNY,2026-05-21,active,Branch_C
ACCT5614509,CUST180389,savings,CNY,2026-06-26,active,Branch_E
ACCT3766976,CUST544910,savings,CNY,2026-05-27,active,Branch_D
ACCT1626205,CUST726539,savings,USD,2026-06-09,active,Branch_A
ACCT9835047,CUST840059,investment,USD,2026-06-26,closed,Branch_B
ACCT5016320,CUST789118,checking,CNY,2026-06-16,active,Branch_C
ACCT3858740,CUST447255,wealth_management,CNY,2026-06-26,closed,Branch_E
ACCT8329563,CUST810191,checking,CNY,2025-11-16,closed,Branch_A
ACCT5401356,CUST285765,savings,CNY,2018-03-28,active,Branch_C
ACCT5793794,CUST801275,investment,CNY,2026-05-28,active,Branch_C
ACCT4210066,CUST936554,savings,CNY,2026-05-23,active,Branch_A
ACCT7867410,CUST881693,wealth_management,CNY,2026-06-18,frozen,Branch_C
ACCT4925614,CUST381503,checking,USD,2026-05-07,active,Branch_E
ACCT3451187,CUST580148,savings,CNY,2026-06-21,active,Branch_A
ACCT3233903,CUST870024,wealth_management,CNY,2022-11-14,closed,Branch_B
ACCT8400814,CUST690632,checking,CNY,2026-06-19,active,Branch_C
ACCT6265502,CUST505674,wealth_management,EUR,2026-06-01,active,Branch_B
ACCT4987772,CUST725335,checking,USD,2026-06-18,active,Branch_E
ACCT5181319,CUST481143,wealth_management,CNY,2024-10-18,active,Branch_C
ACCT6298398,CUST708275,wealth_management,CNY,2026-04-11,active,Branch_D
ACCT8990827,CUST299352,checking,CNY,2026-06-11,active,Branch_C
ACCT7329696,CUST350626,checking,CNY,2026-06-25,active,Branch_C
ACCT2581904,CUST589022,checking,CNY,2026-06-07,active,Branch_A
ACCT2018419,CUST987699,investment,CNY,2026-06-14,active,Branch_E
ACCT9919755,CUST789913,savings,EUR,2026-05-25,active,Branch_D
ACCT4205436,CUST490210,savings,HKD,2019-01-08,active,Branch_B
ACCT9842148,CUST797352,investment,EUR,2026-05-19,active,Branch_E
ACCT8265182,CUST400679,investment,CNY,2026-06-15,active,Branch_E
ACCT1136511,CUST195212,savings,CNY,2026-05-17,active,Branch_A
ACCT7609521,CUST288614,savings,CNY,2026-05-31,active,Branch_C
ACCT8953127,CUST154530,wealth_management,USD,2026-06-13,active,Branch_B
ACCT9501405,CUST172260,investment,CNY,2026-05-01,active,Branch_A
ACCT9827023,CUST912428,investment,USD,2021-07-14,active,Branch_B
ACCT4001709,CUST195200,checking,USD,2025-03-24,active,Branch_B
ACCT9890996,CUST436625,wealth_management,CNY,2026-06-26,active,Branch_A
ACCT2890913,CUST173909,checking,CNY,2025-04-16,active,Branch_B
ACCT6315628,CUST351443,checking,CNY,2026-05-07,active,Branch_C
ACCT4737946,CUST548960,savings,CNY,2018-11-09,active,Branch_D
ACCT7855848,CUST477396,investment,CNY,2022-05-01,frozen,Branch_C
ACCT7174121,CUST161729,savings,CNY,2023-04-16,active,Branch_E
ACCT3784636,CUST272808,investment,CNY,2018-05-02,active,Branch_A
ACCT7039632,CUST941901,investment,CNY,2023-08-26,active,Branch_C
ACCT7367655,CUST788698,wealth_management,CNY,2022-10-18,active,Branch_D
ACCT8534224,CUST323588,savings,CNY,2023-07-05,active,Branch_A
ACCT4741921,CUST919738,investment,CNY,2018-09-03,active,Branch_C
ACCT2800159,CUST269002,wealth_management,USD,2026-05-14,closed,Branch_E
ACCT4043573,CUST849692,checking,CNY,2021-09-14,active,Branch_A
ACCT9932193,CUST789913,investment,USD,2026-05-20,active,Branch_C
ACCT9405818,CUST677303,checking,CNY,2026-06-24,active,Branch_A
ACCT1283327,CUST607883,wealth_management,CNY,2026-05-01,active,Branch_A
ACCT3535560,CUST893099,wealth_management,CNY,2023-05-22,active,Branch_D
ACCT8852381,CUST952934,checking,CNY,2021-12-09,closed,Branch_B
ACCT3817742,CUST930397,savings,USD,2021-06-01,active,Branch_C
ACCT1347971,CUST914523,savings,CNY,2026-05-13,active,Branch_A
ACCT7961777,CUST184503,savings,CNY,2018-06-07,active,Branch_C
ACCT2396745,CUST835345,savings,CNY,2026-06-26,active,Branch_C
ACCT1554127,CUST959754,checking,USD,2025-03-15,active,Branch_C
ACCT3797545,CUST185394,investment,CNY,2026-05-18,frozen,Branch_B
ACCT4112098,CUST734502,investment,USD,2021-06-30,active,Branch_E
ACCT6192482,CUST829460,savings,CNY,2024-09-04,active,Branch_B
ACCT2785414,CUST396942,checking,EUR,2026-06-04,active,Branch_D
ACCT9524537,CUST452899,investment,CNY,2026-06-08,closed,Branch_B
ACCT8480303,CUST498278,savings,CNY,2021-06-14,active,Branch_C
ACCT4991862,CUST595181,investment,CNY,2026-05-04,active,Branch_E
ACCT9862121,CUST644232,checking,CNY,2025-07-07,active,Branch_A
ACCT8884085,CUST257155,wealth_management,CNY,2026-06-28,frozen,Branch_A
ACCT6416603,CUST629625,savings,HKD,2025-11-01,closed,Branch_B
ACCT7472571,CUST379366,investment,CNY,2026-05-28,active,Branch_C
ACCT4288920,CUST314179,wealth_management,EUR,2020-11-25,active,Branch_D
ACCT6826303,CUST741371,wealth_management,CNY,2026-06-28,active,Branch_E
ACCT8941936,CUST217032,savings,EUR,2026-06-14,active,Branch_D
ACCT8607345,CUST602192,wealth_management,EUR,2021-02-22,closed,Branch_E
ACCT8481524,CUST674939,savings,CNY,2025-10-24,active,Branch_B
ACCT4586100,CUST710582,investment,CNY,2026-05-23,active,Branch_A
ACCT8748197,CUST141181,wealth_management,CNY,2026-06-02,active,Branch_B
ACCT2972321,CUST472066,investment,USD,2026-05-15,closed,Branch_E
ACCT6521447,CUST978694,savings,HKD,2026-06-18,active,Branch_C
ACCT6290320,CUST728007,investment,CNY,2026-05-09,active,Branch_A
ACCT5498812,CUST859607,checking,CNY,2019-09-24,active,Branch_C
ACCT1197197,CUST746147,wealth_management,CNY,2026-05-29,active,Branch_C
ACCT4660593,CUST662307,investment,CNY,2026-05-21,frozen,Branch_A
ACCT5725332,CUST595530,wealth_management,HKD,2023-01-15,active,Branch_B
ACCT2654240,CUST352625,checking,HKD,2019-10-20,active,Branch_C
ACCT5345780,CUST873729,checking,CNY,2019-10-26,active,Branch_B
ACCT6371295,CUST696702,investment,CNY,2021-11-05,active,Branch_C
ACCT6919352,CUST562937,investment,HKD,2026-06-08,active,Branch_A
ACCT1572919,CUST570156,investment,CNY,2024-11-20,active,Branch_B
ACCT7978963,CUST626406,savings,CNY,2026-05-28,active,Branch_B
ACCT5493425,CUST912499,savings,CNY,2026-05-18,active,Branch_C
ACCT2385065,CUST980320,investment,CNY,2026-06-10,active,Branch_A
ACCT1321487,CUST269002,investment,CNY,2026-06-07,active,Branch_B
ACCT7974190,CUST995259,checking,CNY,2021-10-14,active,Branch_E
ACCT9505430,CUST981356,checking,CNY,2026-06-01,active,Branch_D
ACCT5167110,CUST904909,checking,CNY,2018-07-29,active,Branch_D
ACCT5692492,CUST394962,savings,CNY,2026-05-08,active,Branch_C
ACCT3005771,CUST840812,savings,HKD,2026-05-28,active,Branch_A
ACCT2246715,CUST447255,savings,CNY,2023-05-16,active,Branch_C
ACCT2325620,CUST788577,savings,CNY,2026-06-08,active,Branch_E
ACCT5861723,CUST754266,investment,CNY,2026-06-13,active,Branch_B
ACCT5142305,CUST161053,investment,CNY,2026-06-02,active,Branch_C
ACCT3309026,CUST881693,investment,CNY,2024-08-11,active,Branch_D
ACCT4599337,CUST132930,wealth_management,CNY,2026-06-12,active,Branch_E
ACCT6263849,CUST919738,investment,CNY,2026-06-09,closed,Branch_D
ACCT3709235,CUST808317,wealth_management,EUR,2021-12-21,active,Branch_C
ACCT2683139,CUST598745,investment,CNY,2026-05-11,active,Branch_B
ACCT8649325,CUST342313,investment,CNY,2026-05-27,active,Branch_A
ACCT5219274,CUST548488,wealth_management,CNY,2026-06-15,active,Branch_B
ACCT5104179,CUST276962,checking,CNY,2026-06-12,active,Branch_D
ACCT4335497,CUST267144,savings,USD,2021-07-05,active,Branch_D
ACCT4178998,CUST771363,investment,USD,2026-05-14,active,Branch_C
ACCT9109497,CUST513312,savings,USD,2025-07-25,active,Branch_B
ACCT6022788,CUST871228,wealth_management,CNY,2026-05-30,active,Branch_A
ACCT6819826,CUST603733,checking,CNY,2022-09-19,active,Branch_D
ACCT2959381,CUST460348,savings,CNY,2024-05-02,frozen,Branch_B
ACCT3648658,CUST652767,savings,CNY,2026-06-10,closed,Branch_A
ACCT6198386,CUST650056,wealth_management,USD,2023-06-04,active,Branch_E
ACCT3551623,CUST250947,savings,CNY,2025-01-06,active,Branch_D
ACCT2771589,CUST487036,checking,CNY,2026-05-05,active,Branch_B
ACCT9078324,CUST306926,wealth_management,EUR,2026-05-15,active,Branch_E
ACCT5179623,CUST241287,savings,EUR,2026-06-02,active,Branch_E
ACCT6921783,CUST722461,checking,EUR,2024-09-27,active,Branch_B
ACCT1416269,CUST388772,wealth_management,CNY,2024-01-07,closed,Branch_B
ACCT1602066,CUST865091,investment,CNY,2020-10-22,active,Branch_C
ACCT1127217,CUST667721,savings,USD,2026-05-13,active,Branch_C
ACCT6669218,CUST891804,investment,CNY,2020-06-06,active,Branch_E
ACCT9456967,CUST348063,checking,CNY,2026-05-30,active,Branch_E
ACCT1905070,CUST548960,savings,USD,2026-05-28,active,Branch_E
ACCT6130486,CUST982409,wealth_management,USD,2026-06-09,active,Branch_B
ACCT9488412,CUST758994,savings,CNY,2026-06-06,active,Branch_B
ACCT8235060,CUST784089,checking,CNY,2026-06-09,active,Branch_D
ACCT7039781,CUST285765,investment,CNY,2026-05-06,active,Branch_B
ACCT7237191,CUST960432,savings,HKD,2019-07-26,active,Branch_A
ACCT7354264,CUST333276,checking,CNY,2018-11-01,active,Branch_C
ACCT5658486,CUST992741,checking,HKD,2019-10-28,active,Branch_B
ACCT8659303,CUST196630,investment,CNY,2026-06-18,active,Branch_B
ACCT1397755,CUST959754,wealth_management,USD,2021-05-03,active,Branch_C
ACCT9464246,CUST577889,checking,CNY,2020-09-05,active,Branch_B
ACCT3552678,CUST340364,investment,HKD,2026-05-09,active,Branch_B
ACCT8589664,CUST881411,investment,HKD,2018-10-16,closed,Branch_E
ACCT9815963,CUST786090,wealth_management,CNY,2026-05-16,active,Branch_D
ACCT3880075,CUST708275,investment,CNY,2023-08-22,active,Branch_C
ACCT8510259,CUST636627,wealth_management,CNY,2026-05-27,active,Branch_E
ACCT4368621,CUST247810,savings,EUR,2026-05-08,active,Branch_C
ACCT1680811,CUST671636,investment,CNY,2026-02-13,active,Branch_D
ACCT5544043,CUST704153,checking,CNY,2025-08-21,active,Branch_D
ACCT1984582,CUST134999,checking,USD,2022-06-01,closed,Branch_B
ACCT3428296,CUST774113,savings,USD,2026-06-01,active,Branch_B
ACCT2216901,CUST126828,investment,USD,2026-06-21,active,Branch_E
ACCT2925563,CUST402300,savings,CNY,2026-06-24,active,Branch_E
ACCT8086278,CUST603733,savings,CNY,2018-04-30,active,Branch_C
ACCT1316707,CUST259297,savings,CNY,2021-06-05,active,Branch_D
ACCT9844209,CUST751779,investment,CNY,2020-02-26,active,Branch_C
ACCT4974553,CUST453960,wealth_management,CNY,2021-03-27,closed,Branch_A
ACCT1950498,CUST587085,wealth_management,CNY,2026-06-23,active,Branch_C
ACCT7099407,CUST898001,investment,CNY,2025-10-10,active,Branch_C
ACCT6191997,CUST998853,savings,CNY,2026-06-19,active,Branch_A
ACCT2317417,CUST602192,wealth_management,EUR,2026-06-25,active,Branch_E
ACCT3965586,CUST789139,savings,USD,2026-06-09,active,Branch_E
ACCT4129054,CUST273873,wealth_management,CNY,2026-05-28,frozen,Branch_C
ACCT7385676,CUST810191,checking,CNY,2026-06-22,active,Branch_B
ACCT1865002,CUST315977,investment,USD,2025-12-08,closed,Branch_B
ACCT4596880,CUST962388,wealth_management,CNY,2018-04-12,active,Branch_E
ACCT2030913,CUST895790,investment,CNY,2025-06-04,active,Branch_E
ACCT7036697,CUST803735,savings,CNY,2026-06-17,active,Branch_E
ACCT9455830,CUST373693,checking,USD,2026-06-07,closed,Branch_B
ACCT2861391,CUST117777,wealth_management,EUR,2022-02-02,active,Branch_E
ACCT4444562,CUST651813,investment,EUR,2018-05-02,closed,Branch_C
ACCT5481585,CUST364027,wealth_management,CNY,2026-06-08,active,Branch_E
ACCT7214988,CUST859515,investment,CNY,2020-07-08,closed,Branch_D
ACCT8247653,CUST306926,wealth_management,CNY,2026-05-05,closed,Branch_D
ACCT2660256,CUST415730,savings,CNY,2019-06-15,closed,Branch_A
ACCT3404568,CUST530417,checking,CNY,2026-06-29,active,Branch_A
ACCT5084545,CUST470737,investment,CNY,2026-05-01,active,Branch_C
ACCT3549609,CUST559222,investment,CNY,2026-05-09,active,Branch_B
ACCT4800908,CUST959931,checking,USD,2026-01-20,frozen,Branch_E
ACCT6938510,CUST777542,wealth_management,HKD,2026-06-10,active,Branch_D
ACCT9503368,CUST942469,checking,USD,2024-07-03,active,Branch_B
ACCT3612139,CUST396942,checking,USD,2026-05-23,active,Branch_D
ACCT7535969,CUST975039,wealth_management,CNY,2026-05-01,active,Branch_B
ACCT1876598,CUST808279,checking,CNY,2026-06-09,active,Branch_D
ACCT9029604,CUST731675,savings,CNY,2026-05-27,active,Branch_D
ACCT2830101,CUST259297,savings,USD,2024-04-04,active,Branch_A
ACCT1572245,CUST216174,checking,CNY,2026-06-01,active,Branch_E
ACCT5267008,CUST350626,checking,USD,2023-02-24,active,Branch_A
ACCT8523839,CUST404111,wealth_management,CNY,2026-06-03,active,Branch_E
ACCT5454959,CUST307467,savings,CNY,2026-05-28,active,Branch_D
ACCT1713831,CUST805883,wealth_management,CNY,2019-10-04,active,Branch_E
ACCT5596545,CUST281561,investment,CNY,2026-05-29,frozen,Branch_C
ACCT6891110,CUST728007,savings,HKD,2025-11-28,active,Branch_A
ACCT3181580,CUST920972,wealth_management,CNY,2026-05-28,closed,Branch_D
ACCT9585463,CUST432431,checking,USD,2026-05-04,closed,Branch_C
ACCT2596735,CUST942924,checking,EUR,2021-09-28,active,Branch_D
ACCT1539873,CUST467064,savings,CNY,2024-09-30,active,Branch_C
ACCT6670305,CUST305959,investment,CNY,2026-06-19,closed,Branch_E
ACCT4451108,CUST644232,savings,CNY,2025-01-18,active,Branch_E
ACCT7004472,CUST706662,investment,CNY,2026-06-19,closed,Branch_D
ACCT3417748,CUST569391,savings,USD,2020-11-21,active,Branch_A
ACCT9209127,CUST650844,wealth_management,HKD,2026-06-04,active,Branch_A
ACCT3437418,CUST523870,checking,CNY,2020-03-12,active,Branch_D
ACCT9892258,CUST351443,investment,CNY,2026-06-13,active,Branch_B
ACCT1604999,CUST810191,wealth_management,CNY,2021-07-08,active,Branch_A
ACCT5951628,CUST236092,investment,CNY,2026-06-27,active,Branch_A
ACCT4505604,CUST790686,investment,CNY,2026-05-25,frozen,Branch_A
ACCT2863104,CUST280765,checking,CNY,2023-03-31,active,Branch_D
ACCT4157963,CUST981840,checking,CNY,2019-01-01,active,Branch_D
ACCT9289547,CUST129098,investment,CNY,2026-05-16,active,Branch_C
ACCT6052217,CUST513312,investment,CNY,2026-06-13,closed,Branch_B
ACCT2183807,CUST607593,checking,CNY,2026-01-02,active,Branch_A
ACCT6068913,CUST747183,checking,CNY,2018-06-06,active,Branch_A
ACCT6270346,CUST781827,checking,CNY,2019-02-16,active,Branch_C
ACCT2573595,CUST263450,checking,CNY,2026-05-24,active,Branch_D
ACCT5644649,CUST643753,investment,CNY,2026-05-25,closed,Branch_E
ACCT1489342,CUST725335,investment,USD,2026-05-17,active,Branch_D
ACCT8893340,CUST690632,wealth_management,EUR,2026-05-01,active,Branch_C
ACCT9987368,CUST486173,investment,CNY,2026-06-13,active,Branch_E
ACCT2561167,CUST355625,wealth_management,CNY,2022-06-03,active,Branch_D
ACCT7176314,CUST420364,wealth_management,CNY,2023-07-02,active,Branch_C
ACCT6625031,CUST645522,wealth_management,CNY,2026-05-29,active,Branch_B
ACCT7763603,CUST719050,savings,USD,2026-05-24,active,Branch_C
ACCT8188846,CUST817964,checking,CNY,2025-01-09,active,Branch_A
ACCT4267090,CUST903952,checking,HKD,2022-04-22,active,Branch_C
ACCT9436481,CUST691632,wealth_management,CNY,2019-07-15,closed,Branch_A
ACCT6268189,CUST608766,investment,USD,2026-05-04,active,Branch_A
ACCT1969010,CUST587085,investment,CNY,2026-05-08,frozen,Branch_A
ACCT4422370,CUST828838,checking,EUR,2026-05-22,active,Branch_E
ACCT6360239,CUST658343,checking,CNY,2026-06-30,active,Branch_B
ACCT7975650,CUST818425,investment,CNY,2020-09-09,active,Branch_A
ACCT6539624,CUST897654,investment,CNY,2026-06-14,active,Branch_C
ACCT6390244,CUST412500,savings,CNY,2021-04-02,active,Branch_E
ACCT5003889,CUST202070,savings,CNY,2026-05-02,active,Branch_C
ACCT5144385,CUST725777,investment,CNY,2018-08-22,active,Branch_A
ACCT6937252,CUST686540,investment,CNY,2024-12-16,active,Branch_C
ACCT5985410,CUST298723,checking,CNY,2024-03-18,active,Branch_A
ACCT5863976,CUST935757,savings,CNY,2026-05-19,active,Branch_C
ACCT3671653,CUST473069,savings,CNY,2026-06-01,active,Branch_A
ACCT2714343,CUST295975,savings,HKD,2026-05-05,active,Branch_A
ACCT9783603,CUST696702,wealth_management,HKD,2026-06-09,active,Branch_A
ACCT2011729,CUST505180,investment,CNY,2026-06-23,active,Branch_C
ACCT8700631,CUST683163,wealth_management,CNY,2022-03-01,active,Branch_B
ACCT7995407,CUST355380,savings,CNY,2026-06-05,active,Branch_A
ACCT9020413,CUST745757,savings,CNY,2026-06-27,active,Branch_B
ACCT6920816,CUST926873,investment,CNY,2023-03-22,active,Branch_E
ACCT3458180,CUST920972,savings,CNY,2026-06-25,active,Branch_A
ACCT8734036,CUST456022,wealth_management,USD,2026-05-20,active,Branch_E
ACCT1135705,CUST992533,savings,USD,2018-12-30,active,Branch_B
ACCT4016712,CUST352136,wealth_management,CNY,2026-06-09,active,Branch_A
ACCT1563095,CUST146506,wealth_management,CNY,2026-06-16,active,Branch_C
ACCT2061807,CUST151965,savings,CNY,2026-06-27,active,Branch_B
ACCT2567570,CUST200688,investment,EUR,2024-02-24,active,Branch_C
ACCT1978814,CUST449148,investment,HKD,2025-01-23,active,Branch_E
ACCT9460075,CUST289622,investment,CNY,2025-10-27,active,Branch_C
ACCT6857602,CUST230700,wealth_management,CNY,2026-05-17,active,Branch_A
ACCT3996720,CUST836854,investment,CNY,2024-07-12,active,Branch_C
ACCT2970786,CUST810816,investment,CNY,2024-04-07,active,Branch_E
ACCT2918855,CUST400679,investment,USD,2026-05-02,active,Branch_A
ACCT6240030,CUST739045,investment,CNY,2026-06-12,active,Branch_B
ACCT6321714,CUST212031,savings,CNY,2026-05-19,frozen,Branch_D
ACCT2995396,CUST873729,investment,EUR,2026-06-24,active,Branch_A
ACCT2985881,CUST453960,savings,CNY,2026-05-05,active,Branch_D
ACCT9556947,CUST250947,investment,CNY,2020-02-23,active,Branch_C
ACCT4326481,CUST174396,savings,CNY,2021-01-16,active,Branch_C
ACCT2968795,CUST382129,checking,CNY,2023-03-22,active,Branch_E
ACCT8631863,CUST132930,wealth_management,CNY,2026-05-08,active,Branch_E
ACCT4668665,CUST138162,savings,USD,2024-08-18,active,Branch_D
ACCT2735221,CUST995909,investment,USD,2026-06-09,active,Branch_D
ACCT6658366,CUST880618,checking,CNY,2019-09-19,active,Branch_E
ACCT7039408,CUST904427,investment,EUR,2026-05-31,active,Branch_A
ACCT9142758,CUST505271,checking,EUR,2025-09-19,active,Branch_A
ACCT4672489,CUST342313,wealth_management,CNY,2026-06-15,active,Branch_D
ACCT5307384,CUST679770,checking,EUR,2026-05-09,active,Branch_E
ACCT7089316,CUST315977,savings,CNY,2024-12-20,active,Branch_A
ACCT1475876,CUST975039,checking,CNY,2026-01-13,active,Branch_B
ACCT6534302,CUST974168,checking,EUR,2020-11-23,active,Branch_B
ACCT2159438,CUST877279,savings,EUR,2022-12-07,active,Branch_C
ACCT7233315,CUST402300,checking,CNY,2026-06-22,active,Branch_D
ACCT8266569,CUST971441,investment,CNY,2026-05-11,active,Branch_A
ACCT9746627,CUST570495,wealth_management,CNY,2018-05-25,active,Branch_E
ACCT3559836,CUST871823,investment,CNY,2026-05-04,active,Branch_C
ACCT4716837,CUST960432,wealth_management,CNY,2019-10-31,active,Branch_A
ACCT1481739,CUST984365,wealth_management,HKD,2019-06-03,active,Branch_C
ACCT1441452,CUST735177,investment,CNY,2018-08-16,frozen,Branch_B
ACCT9914246,CUST942924,investment,CNY,2026-05-02,active,Branch_B
ACCT3628523,CUST216928,checking,CNY,2026-05-30,active,Branch_D
ACCT9570660,CUST734640,savings,CNY,2026-05-22,active,Branch_B
ACCT1314995,CUST796212,checking,USD,2026-06-12,active,Branch_D
ACCT3133280,CUST951080,wealth_management,CNY,2022-06-15,active,Branch_A
ACCT6514266,CUST521682,checking,CNY,2026-05-05,active,Branch_A
ACCT5231925,CUST894032,checking,CNY,2023-11-25,active,Branch_A
ACCT2732231,CUST295975,wealth_management,HKD,2024-01-15,frozen,Branch_D
ACCT7025116,CUST698433,savings,CNY,2021-08-14,active,Branch_C
ACCT5023501,CUST580635,wealth_management,CNY,2026-06-11,active,Branch_A
ACCT5854478,CUST123494,investment,CNY,2025-01-05,active,Branch_A
ACCT9467874,CUST152287,checking,CNY,2026-05-07,active,Branch_A
ACCT7861668,CUST978694,savings,USD,2026-05-29,active,Branch_E
ACCT1535505,CUST589875,investment,EUR,2026-05-30,closed,Branch_A
ACCT6871699,CUST745757,investment,USD,2026-06-12,active,Branch_B
ACCT5443156,CUST997591,investment,CNY,2019-09-28,active,Branch_C
ACCT2997742,CUST796189,investment,CNY,2026-05-26,active,Branch_D
ACCT2567726,CUST851402,savings,CNY,2018-06-12,active,Branch_A
ACCT3318240,CUST632878,savings,CNY,2026-06-23,active,Branch_C
ACCT2076097,CUST449148,investment,CNY,2023-03-23,active,Branch_A
ACCT5400961,CUST800143,savings,USD,2026-05-08,active,Branch_A
ACCT2941833,CUST790686,wealth_management,HKD,2026-05-01,active,Branch_B
ACCT6812981,CUST918084,savings,USD,2026-06-19,active,Branch_E
ACCT7838574,CUST862332,savings,CNY,2026-05-13,active,Branch_D
ACCT2903380,CUST972084,savings,CNY,2026-06-07,active,Branch_D
ACCT1635642,CUST797352,investment,CNY,2019-07-08,active,Branch_C
ACCT3255391,CUST835177,wealth_management,EUR,2026-06-11,closed,Branch_B
ACCT9359590,CUST647010,checking,CNY,2026-06-24,active,Branch_C
ACCT9018428,CUST277142,checking,CNY,2026-05-12,active,Branch_D
ACCT7945668,CUST819452,savings,USD,2026-06-18,closed,Branch_A
ACCT4876880,CUST485837,wealth_management,EUR,2022-09-12,active,Branch_E
ACCT1310324,CUST417956,savings,CNY,2026-05-18,active,Branch_D
ACCT9718418,CUST584059,wealth_management,EUR,2022-03-19,active,Branch_A
ACCT9438045,CUST406910,wealth_management,CNY,2023-03-16,active,Branch_A
ACCT3726567,CUST781827,investment,CNY,2026-05-26,active,Branch_E
ACCT8029589,CUST348063,savings,HKD,2026-05-15,active,Branch_D
ACCT7936598,CUST724974,savings,CNY,2020-01-11,active,Branch_D
ACCT4233106,CUST972761,checking,CNY,2023-11-29,active,Branch_B
ACCT2297129,CUST481143,savings,CNY,2026-05-08,active,Branch_A
ACCT6751218,CUST271979,wealth_management,CNY,2026-05-09,frozen,Branch_C
ACCT1358705,CUST802769,wealth_management,CNY,2021-07-06,active,Branch_C
ACCT8117664,CUST608766,investment,HKD,2026-05-27,frozen,Branch_A
ACCT7126899,CUST665117,wealth_management,CNY,2022-05-30,active,Branch_B
ACCT3394985,CUST485839,checking,CNY,2026-06-27,frozen,Branch_B
ACCT7527549,CUST978694,checking,CNY,2021-10-20,active,Branch_C
ACCT9166417,CUST545637,wealth_management,CNY,2026-06-16,active,Branch_C
ACCT2685930,CUST898185,investment,EUR,2026-06-04,active,Branch_D
ACCT3537815,CUST364216,wealth_management,CNY,2026-05-14,active,Branch_B
ACCT2417883,CUST607593,savings,USD,2021-05-30,active,Branch_C
ACCT5202215,CUST871781,investment,HKD,2022-01-01,active,Branch_A
ACCT9776542,CUST931729,investment,CNY,2026-05-27,closed,Branch_A
ACCT9644249,CUST518406,savings,HKD,2026-05-24,active,Branch_A
ACCT3972606,CUST864212,checking,CNY,2018-05-25,closed,Branch_D
ACCT5515805,CUST370664,savings,CNY,2018-11-21,active,Branch_E
ACCT8131358,CUST139643,checking,CNY,2026-06-23,active,Branch_E
ACCT4356743,CUST668452,checking,CNY,2026-06-28,active,Branch_D
ACCT7477579,CUST682273,checking,CNY,2026-06-14,active,Branch_B
ACCT3127112,CUST322373,wealth_management,CNY,2023-12-07,active,Branch_A
ACCT8481439,CUST769768,checking,CNY,2026-04-03,active,Branch_D
ACCT2345767,CUST595181,savings,CNY,2026-06-22,frozen,Branch_D
ACCT2399944,CUST899267,savings,EUR,2026-05-05,active,Branch_B
ACCT3148403,CUST141181,savings,CNY,2026-05-31,active,Branch_B
ACCT2327432,CUST787488,wealth_management,CNY,2026-05-07,active,Branch_C
ACCT4365366,CUST602192,investment,CNY,2024-05-25,closed,Branch_B
ACCT6913832,CUST437154,checking,CNY,2018-03-31,active,Branch_D
ACCT5612969,CUST503201,checking,EUR,2026-05-03,active,Branch_E
ACCT4142277,CUST955741,investment,CNY,2026-06-15,active,Branch_E
ACCT8863144,CUST308221,investment,USD,2026-06-10,active,Branch_D
ACCT7456772,CUST978694,checking,CNY,2026-06-26,active,Branch_A
ACCT3484612,CUST187069,checking,HKD,2026-06-14,active,Branch_E
ACCT7824843,CUST920972,wealth_management,CNY,2026-05-14,active,Branch_B
ACCT3533030,CUST830515,investment,CNY,2025-08-20,active,Branch_D
ACCT9884305,CUST680929,investment,CNY,2026-04-18,frozen,Branch_E
ACCT5081336,CUST769768,checking,USD,2025-12-31,active,Branch_C
ACCT1165548,CUST817622,wealth_management,CNY,2022-03-12,active,Branch_D
ACCT7572205,CUST478150,wealth_management,CNY,2022-09-19,active,Branch_E
ACCT6539863,CUST804366,savings,EUR,2026-06-20,active,Branch_A
ACCT9306777,CUST988320,checking,CNY,2026-05-10,active,Branch_B
ACCT2891967,CUST489116,wealth_management,USD,2025-08-07,active,Branch_C
ACCT8482235,CUST670450,checking,CNY,2018-11-11,active,Branch_B
ACCT2418095,CUST668452,investment,HKD,2026-06-29,closed,Branch_E
ACCT5830574,CUST991819,savings,CNY,2019-01-06,active,Branch_B
ACCT3082022,CUST828838,checking,CNY,2026-06-27,active,Branch_C
ACCT8424189,CUST917967,wealth_management,EUR,2026-06-16,frozen,Branch_E
ACCT4229399,CUST921186,checking,CNY,2026-05-12,active,Branch_A
ACCT3317239,CUST518222,wealth_management,CNY,2026-06-23,active,Branch_B
ACCT5901074,CUST815221,investment,CNY,2026-06-30,active,Branch_E
ACCT8905503,CUST964400,wealth_management,CNY,2026-06-22,active,Branch_B
ACCT3200714,CUST962388,checking,CNY,2026-05-26,active,Branch_A
ACCT4635292,CUST371364,savings,EUR,2026-06-19,active,Branch_E
ACCT4406560,CUST129098,wealth_management,CNY,2021-10-20,active,Branch_A
ACCT1905670,CUST165990,checking,CNY,2024-09-06,active,Branch_D
ACCT2346727,CUST882243,checking,CNY,2026-05-29,active,Branch_D
ACCT3282178,CUST898785,investment,USD,2026-06-18,active,Branch_A
ACCT6486044,CUST271979,investment,USD,2026-05-22,active,Branch_E
ACCT4353818,CUST803735,savings,CNY,2025-11-28,active,Branch_B
ACCT9549424,CUST236092,checking,USD,2024-11-01,frozen,Branch_D
ACCT1009665,CUST862694,wealth_management,USD,2026-06-11,active,Branch_C
ACCT8156923,CUST964101,wealth_management,USD,2026-05-23,active,Branch_A
ACCT7936968,CUST663249,wealth_management,USD,2024-07-07,active,Branch_C
ACCT6342739,CUST542353,savings,CNY,2026-05-09,active,Branch_D
ACCT2982736,CUST666047,wealth_management,HKD,2021-08-23,closed,Branch_B
ACCT9605805,CUST500802,savings,CNY,2026-05-05,active,Branch_D
ACCT4491776,CUST470737,wealth_management,CNY,2026-06-02,active,Branch_D
ACCT9692267,CUST882014,wealth_management,CNY,2026-05-09,closed,Branch_E
ACCT2519270,CUST961047,wealth_management,CNY,2026-05-05,active,Branch_A
ACCT5687527,CUST518222,checking,CNY,2025-05-04,active,Branch_D
ACCT4184971,CUST903504,investment,USD,2025-11-15,active,Branch_B
ACCT5129709,CUST927631,savings,EUR,2025-05-18,active,Branch_E
ACCT9770882,CUST882014,investment,CNY,2019-09-17,active,Branch_E
ACCT7187757,CUST216174,checking,CNY,2022-03-13,active,Branch_E
ACCT6492449,CUST830205,savings,CNY,2026-06-19,active,Branch_D
ACCT3685864,CUST989764,wealth_management,CNY,2026-05-05,active,Branch_A
ACCT4655508,CUST352136,wealth_management,USD,2024-01-15,active,Branch_D
ACCT2967215,CUST437154,checking,USD,2026-06-05,active,Branch_B
ACCT5488952,CUST719050,savings,HKD,2023-01-01,active,Branch_B
ACCT8254438,CUST727471,savings,CNY,2022-04-21,active,Branch_D
ACCT3830431,CUST688991,investment,CNY,2026-06-06,active,Branch_B
ACCT2565429,CUST834761,investment,CNY,2026-05-05,active,Branch_B
ACCT9045175,CUST632878,investment,CNY,2026-05-26,closed,Branch_E
ACCT6332020,CUST522505,wealth_management,CNY,2026-06-19,active,Branch_B
ACCT3325300,CUST192327,investment,CNY,2023-12-22,active,Branch_D
ACCT8488195,CUST884364,wealth_management,CNY,2026-05-31,active,Branch_B
ACCT8859815,CUST971780,checking,USD,2020-07-10,active,Branch_B
ACCT4192660,CUST696789,investment,CNY,2026-06-16,active,Branch_B
ACCT3854149,CUST995909,investment,CNY,2026-05-04,active,Branch_D
ACCT4986616,CUST932505,wealth_management,CNY,2024-04-23,closed,Branch_B
ACCT6666034,CUST727548,savings,CNY,2026-06-25,active,Branch_E
ACCT3870248,CUST810191,savings,CNY,2026-06-11,active,Branch_D
ACCT5055516,CUST115148,checking,EUR,2026-06-25,active,Branch_C
ACCT1200351,CUST548960,checking,CNY,2018-05-14,active,Branch_B
ACCT7807822,CUST854980,checking,CNY,2026-06-02,closed,Branch_C
ACCT9844164,CUST605948,checking,CNY,2026-05-03,active,Branch_C
ACCT5522470,CUST970586,investment,CNY,2026-06-23,active,Branch_B
ACCT1908792,CUST708538,investment,CNY,2025-08-25,active,Branch_D
ACCT7416983,CUST919172,investment,HKD,2026-06-10,closed,Branch_D
ACCT2477493,CUST893099,investment,CNY,2021-06-14,active,Branch_A
ACCT1360378,CUST425575,savings,HKD,2026-06-16,active,Branch_E
ACCT6642850,CUST294187,checking,HKD,2026-05-15,frozen,Branch_A
ACCT6631715,CUST848372,savings,CNY,2026-05-21,active,Branch_A
ACCT5237938,CUST749818,checking,CNY,2025-02-11,active,Branch_D
ACCT5936971,CUST211157,savings,CNY,2024-12-06,active,Branch_A
ACCT5939720,CUST682749,investment,CNY,2026-06-11,active,Branch_B
ACCT3320525,CUST412659,wealth_management,CNY,2026-06-30,active,Branch_C
ACCT8606164,CUST345530,checking,CNY,2026-06-20,active,Branch_A
ACCT5322131,CUST174396,investment,CNY,2026-06-03,active,Branch_D
ACCT8355718,CUST295975,checking,CNY,2024-10-10,active,Branch_D
ACCT9717821,CUST503201,checking,CNY,2026-05-31,active,Branch_D
ACCT1127455,CUST322373,investment,CNY,2023-01-24,active,Branch_D
ACCT6314896,CUST287911,checking,CNY,2025-12-20,active,Branch_E
ACCT4384067,CUST800176,savings,CNY,2026-06-22,frozen,Branch_D
ACCT2136372,CUST971441,checking,CNY,2026-06-15,active,Branch_D
ACCT4269556,CUST276083,wealth_management,CNY,2025-05-09,closed,Branch_A
ACCT1419590,CUST305959,checking,CNY,2026-05-21,active,Branch_A
ACCT4076842,CUST647845,checking,CNY,2026-05-18,active,Branch_D
ACCT3462794,CUST891804,investment,CNY,2021-10-17,active,Branch_D
ACCT5483899,CUST922906,investment,CNY,2026-06-06,active,Branch_B
ACCT6693616,CUST154530,checking,EUR,2026-06-21,active,Branch_E
ACCT3805058,CUST882014,wealth_management,USD,2026-06-29,active,Branch_B
ACCT6570426,CUST394369,checking,HKD,2026-05-04,active,Branch_B
ACCT3298396,CUST298723,wealth_management,CNY,2026-06-04,active,Branch_C
ACCT7116447,CUST803735,wealth_management,CNY,2026-06-20,active,Branch_B
ACCT1525227,CUST562603,checking,CNY,2026-06-19,active,Branch_C
ACCT6699032,CUST567463,investment,CNY,2026-05-06,active,Branch_C
ACCT9295575,CUST129098,wealth_management,CNY,2026-05-16,active,Branch_D
ACCT8186724,CUST333270,wealth_management,EUR,2024-09-25,active,Branch_D
ACCT1409851,CUST639781,savings,EUR,2021-11-15,active,Branch_C
ACCT2615622,CUST910239,wealth_management,CNY,2025-02-16,active,Branch_E
ACCT4663067,CUST404674,checking,CNY,2026-05-11,active,Branch_D
ACCT6280441,CUST305959,investment,CNY,2026-05-01,active,Branch_B
ACCT1183074,CUST164039,savings,CNY,2026-05-23,active,Branch_C
ACCT8561973,CUST242699,checking,EUR,2026-05-17,active,Branch_C
ACCT4819313,CUST437154,checking,CNY,2026-06-21,active,Branch_B
ACCT8311469,CUST117777,checking,CNY,2026-06-30,active,Branch_C
ACCT1010790,CUST160041,savings,CNY,2026-05-07,active,Branch_A
ACCT6121618,CUST196630,savings,USD,2019-01-28,active,Branch_E
ACCT1933794,CUST940478,checking,CNY,2026-06-03,active,Branch_D
ACCT1250516,CUST981840,wealth_management,USD,2026-06-24,active,Branch_C
ACCT5539590,CUST299352,checking,CNY,2026-03-04,active,Branch_A
ACCT5855668,CUST383229,checking,CNY,2026-06-07,active,Branch_D
ACCT8737015,CUST650056,savings,CNY,2024-05-13,closed,Branch_D
ACCT8099855,CUST852129,wealth_management,CNY,2026-05-03,active,Branch_C
ACCT6435686,CUST175339,wealth_management,CNY,2018-10-23,active,Branch_D
ACCT5727769,CUST162033,checking,CNY,2026-06-30,active,Branch_D
ACCT2146024,CUST425575,checking,CNY,2026-06-07,active,Branch_B
ACCT7223826,CUST647845,savings,CNY,2026-06-07,active,Branch_D
ACCT6208156,CUST647848,wealth_management,CNY,2026-05-26,active,Branch_E
ACCT2370598,CUST383229,savings,CNY,2018-01-28,active,Branch_D
ACCT7654781,CUST811725,checking,CNY,2021-04-26,active,Branch_B
ACCT3095038,CUST704578,wealth_management,CNY,2022-04-11,frozen,Branch_A
ACCT9244867,CUST545693,investment,CNY,2022-07-05,active,Branch_C
ACCT2965784,CUST664346,savings,EUR,2026-01-28,active,Branch_D
ACCT4983052,CUST836854,investment,CNY,2024-08-07,active,Branch_E
ACCT5992110,CUST161540,checking,CNY,2026-02-25,active,Branch_D
ACCT8737354,CUST472908,savings,CNY,2018-06-14,active,Branch_C
ACCT1845649,CUST992741,savings,CNY,2026-06-14,active,Branch_D
ACCT2324987,CUST951204,investment,USD,2020-03-20,active,Branch_C
ACCT3757477,CUST980320,wealth_management,CNY,2019-04-11,active,Branch_E
ACCT4756397,CUST754266,checking,USD,2026-06-06,active,Branch_D
ACCT5283911,CUST533830,investment,CNY,2026-05-26,frozen,Branch_D
ACCT4235370,CUST696789,wealth_management,CNY,2026-05-09,active,Branch_E
ACCT7879794,CUST114923,investment,HKD,2019-01-25,active,Branch_C
ACCT6728014,CUST364067,savings,CNY,2026-06-11,active,Branch_A
ACCT7065912,CUST270055,wealth_management,CNY,2026-05-27,active,Branch_A
ACCT6898801,CUST708275,checking,CNY,2026-05-14,active,Branch_A
ACCT7519513,CUST204468,checking,EUR,2026-05-03,active,Branch_E
ACCT6549147,CUST804366,savings,CNY,2026-06-18,active,Branch_C
ACCT8169866,CUST388154,savings,CNY,2026-06-09,active,Branch_A
ACCT3333030,CUST249462,investment,CNY,2026-06-08,active,Branch_A
ACCT6103523,CUST487036,investment,USD,2026-05-15,closed,Branch_C
ACCT2059459,CUST900000,wealth_management,CNY,2021-04-03,active,Branch_D
ACCT3263420,CUST994574,wealth_management,CNY,2026-05-04,active,Branch_D
ACCT6053836,CUST203184,checking,CNY,2026-05-26,active,Branch_A
ACCT4329608,CUST385356,wealth_management,CNY,2026-06-09,closed,Branch_D
ACCT3400126,CUST950306,investment,CNY,2021-07-05,active,Branch_E
ACCT9330383,CUST350626,investment,EUR,2024-07-24,active,Branch_E
ACCT8176773,CUST555198,checking,CNY,2019-07-09,active,Branch_E
ACCT8160484,CUST815221,wealth_management,USD,2026-05-07,active,Branch_D
ACCT6701660,CUST211157,wealth_management,USD,2020-04-23,active,Branch_C
ACCT2321232,CUST883067,savings,CNY,2026-05-08,active,Branch_E
ACCT7352612,CUST569391,investment,USD,2018-10-05,active,Branch_B
ACCT6157769,CUST201157,wealth_management,CNY,2018-09-07,closed,Branch_A
ACCT9646450,CUST404287,investment,CNY,2025-12-29,closed,Branch_A
ACCT3371804,CUST500372,checking,CNY,2026-05-25,active,Branch_B
ACCT1754799,CUST727548,checking,CNY,2025-02-18,active,Branch_C
ACCT1246856,CUST741064,wealth_management,CNY,2026-06-15,active,Branch_E
ACCT9889324,CUST651796,investment,CNY,2026-01-16,active,Branch_A
ACCT9147550,CUST738619,checking,EUR,2026-06-02,active,Branch_A
ACCT9076381,CUST806400,checking,CNY,2026-06-29,active,Branch_C
ACCT3373908,CUST458307,investment,HKD,2026-05-08,frozen,Branch_A
ACCT2120723,CUST318079,investment,USD,2025-03-19,active,Branch_D
ACCT9388718,CUST727548,investment,HKD,2020-10-21,frozen,Branch_B
ACCT1146642,CUST923098,investment,CNY,2022-06-24,active,Branch_E
ACCT3517408,CUST259297,wealth_management,CNY,2026-05-16,active,Branch_B
ACCT4249358,CUST340364,investment,CNY,2026-06-30,closed,Branch_A
ACCT9486742,CUST503201,investment,CNY,2023-02-22,active,Branch_E
ACCT6942946,CUST989764,wealth_management,CNY,2026-06-06,active,Branch_C
ACCT3132101,CUST863147,investment,CNY,2026-06-17,active,Branch_D
ACCT4462228,CUST505674,wealth_management,CNY,2020-05-08,active,Branch_D
ACCT5482219,CUST980320,savings,EUR,2025-12-14,active,Branch_A
ACCT4187292,CUST518843,wealth_management,CNY,2026-06-21,active,Branch_B
ACCT6977954,CUST264060,investment,CNY,2021-02-04,active,Branch_E
ACCT5786100,CUST923098,savings,CNY,2026-05-25,active,Branch_C
ACCT6559644,CUST822810,wealth_management,USD,2026-05-04,active,Branch_D
ACCT1524132,CUST796212,investment,CNY,2021-02-11,active,Branch_B
ACCT3214807,CUST270055,wealth_management,USD,2026-05-17,active,Branch_C
ACCT1726158,CUST940478,investment,USD,2023-10-13,active,Branch_D
ACCT9843206,CUST707653,savings,CNY,2026-06-20,active,Branch_D
ACCT2833939,CUST953584,savings,CNY,2020-06-13,active,Branch_D
ACCT8221622,CUST336680,investment,CNY,2026-05-29,active,Branch_E
ACCT9430526,CUST360197,wealth_management,USD,2026-05-23,active,Branch_C
ACCT2190916,CUST287911,investment,HKD,2020-01-24,active,Branch_A
ACCT6172149,CUST964771,checking,CNY,2026-02-23,active,Branch_B
ACCT2144062,CUST625372,savings,CNY,2026-05-06,active,Branch_C
ACCT3051167,CUST968403,checking,USD,2026-05-30,closed,Branch_D
ACCT7644731,CUST882118,savings,CNY,2026-06-02,active,Branch_B
ACCT5153632,CUST806400,checking,CNY,2026-05-02,active,Branch_A
ACCT6780042,CUST674939,savings,CNY,2021-11-14,active,Branch_C
ACCT9586852,CUST783870,investment,CNY,2026-06-14,active,Branch_B
ACCT6482876,CUST291355,wealth_management,USD,2026-05-29,active,Branch_B
ACCT6113582,CUST521682,investment,USD,2026-05-26,active,Branch_E
ACCT3593258,CUST658343,checking,CNY,2026-05-06,frozen,Branch_A
ACCT9123981,CUST927378,investment,USD,2026-05-08,active,Branch_B
ACCT6350509,CUST647883,savings,HKD,2026-05-17,active,Branch_B
ACCT4624323,CUST335777,savings,CNY,2026-06-24,closed,Branch_C
ACCT2674061,CUST138511,savings,EUR,2025-05-12,active,Branch_D
ACCT6419071,CUST761800,checking,EUR,2026-05-04,active,Branch_E
ACCT4745165,CUST530417,savings,USD,2026-06-24,active,Branch_E
ACCT1158731,CUST314179,investment,CNY,2026-06-22,frozen,Branch_E
ACCT2402376,CUST702930,checking,CNY,2021-01-03,active,Branch_D
ACCT5446141,CUST305959,investment,CNY,2026-06-08,active,Branch_E
ACCT7621135,CUST416534,savings,CNY,2021-06-16,active,Branch_D
ACCT6145316,CUST518222,wealth_management,USD,2026-06-01,closed,Branch_E
ACCT9630550,CUST948215,checking,CNY,2026-06-30,active,Branch_C
ACCT6805318,CUST500372,investment,CNY,2026-05-05,active,Branch_E
ACCT6818720,CUST690632,wealth_management,CNY,2026-05-12,frozen,Branch_E
ACCT6365794,CUST880618,investment,CNY,2026-05-21,active,Branch_A
ACCT5013818,CUST298916,savings,USD,2026-06-19,active,Branch_C
ACCT8561394,CUST832384,investment,CNY,2021-04-08,active,Branch_B
ACCT5650552,CUST533830,savings,USD,2021-10-09,active,Branch_C
ACCT4057701,CUST914523,wealth_management,EUR,2026-06-20,active,Branch_E
ACCT2116524,CUST605948,wealth_management,CNY,2026-06-08,closed,Branch_C
ACCT6022191,CUST881693,investment,EUR,2018-06-08,active,Branch_E
ACCT2075097,CUST162033,investment,USD,2026-06-24,active,Branch_A
ACCT6153234,CUST685714,checking,USD,2026-05-10,active,Branch_D
ACCT8248588,CUST404287,savings,USD,2026-05-23,active,Branch_D
ACCT6894620,CUST352136,wealth_management,CNY,2018-12-26,active,Branch_D
ACCT3287069,CUST121156,savings,HKD,2026-05-21,active,Branch_D
ACCT9471437,CUST661783,investment,CNY,2024-01-16,active,Branch_A
ACCT4974455,CUST548749,checking,CNY,2026-05-29,active,Branch_B
ACCT1099652,CUST472066,checking,CNY,2026-05-21,active,Branch_B
ACCT7717739,CUST200560,savings,CNY,2026-05-11,active,Branch_A
ACCT6734655,CUST643753,investment,USD,2026-06-26,active,Branch_A
ACCT6358726,CUST281967,checking,CNY,2020-12-23,active,Branch_C
ACCT8762446,CUST291091,savings,HKD,2026-05-07,active,Branch_E
ACCT2667871,CUST722461,checking,USD,2026-06-20,active,Branch_D
ACCT5125863,CUST546024,savings,CNY,2023-06-09,active,Branch_E
ACCT6669994,CUST404111,wealth_management,EUR,2020-06-07,active,Branch_B
ACCT9066144,CUST964400,savings,USD,2026-06-11,active,Branch_A
ACCT7038290,CUST580635,savings,CNY,2026-06-27,active,Branch_D
ACCT6813354,CUST707599,investment,CNY,2026-06-04,active,Branch_B
ACCT4773690,CUST810191,wealth_management,EUR,2026-05-12,active,Branch_E
ACCT4628642,CUST219406,investment,CNY,2026-05-26,active,Branch_E
ACCT3480252,CUST567463,wealth_management,CNY,2026-05-07,active,Branch_D
ACCT9876903,CUST547457,savings,CNY,2021-10-23,active,Branch_A
ACCT8084315,CUST719319,wealth_management,EUR,2026-06-17,frozen,Branch_B
ACCT6910565,CUST599293,checking,CNY,2026-05-30,active,Branch_D
ACCT5437326,CUST595181,savings,CNY,2026-06-21,active,Branch_A
ACCT4853407,CUST444855,investment,CNY,2026-05-09,active,Branch_E
ACCT4226521,CUST976221,wealth_management,CNY,2024-07-07,active,Branch_C
ACCT4211787,CUST249462,investment,USD,2020-03-05,active,Branch_D
ACCT7820471,CUST767687,wealth_management,HKD,2026-05-07,active,Branch_B
ACCT1850639,CUST404674,savings,HKD,2020-05-14,active,Branch_D
ACCT9354875,CUST174396,savings,CNY,2026-05-22,active,Branch_B
ACCT1452188,CUST994848,checking,CNY,2020-10-07,closed,Branch_D
ACCT8567282,CUST172260,savings,CNY,2022-02-11,frozen,Branch_E
ACCT8978305,CUST964101,savings,CNY,2026-06-14,active,Branch_C
ACCT4932689,CUST241496,investment,HKD,2026-06-12,active,Branch_A
ACCT3292289,CUST892644,investment,USD,2021-08-14,active,Branch_B
ACCT4631162,CUST871269,savings,EUR,2026-06-23,active,Branch_A
ACCT2361507,CUST692108,savings,CNY,2019-04-11,active,Branch_A
ACCT3332347,CUST562603,savings,CNY,2026-06-19,active,Branch_C
ACCT4443966,CUST248762,wealth_management,USD,2024-01-08,active,Branch_D
ACCT2327326,CUST848372,checking,EUR,2026-05-05,frozen,Branch_E
ACCT5203672,CUST835999,investment,CNY,2026-05-19,active,Branch_A
ACCT8256105,CUST215584,wealth_management,CNY,2026-06-18,active,Branch_E
ACCT6178025,CUST752125,wealth_management,CNY,2021-02-27,active,Branch_E
ACCT8438903,CUST977105,investment,CNY,2026-05-06,active,Branch_B
ACCT5926374,CUST572364,checking,CNY,2018-04-29,active,Branch_A
ACCT2340451,CUST888461,wealth_management,CNY,2026-06-22,closed,Branch_D
ACCT3618078,CUST548488,checking,CNY,2021-09-01,frozen,Branch_B
ACCT8072652,CUST288614,wealth_management,CNY,2022-08-20,active,Branch_B
ACCT5720970,CUST896619,wealth_management,CNY,2026-06-01,active,Branch_C
ACCT7485955,CUST659047,wealth_management,CNY,2026-06-23,active,Branch_B
ACCT9401240,CUST257155,wealth_management,EUR,2022-02-04,frozen,Branch_A
ACCT9734782,CUST281561,wealth_management,CNY,2026-06-05,closed,Branch_E
ACCT9506549,CUST371364,wealth_management,CNY,2026-06-18,active,Branch_C
ACCT7518757,CUST851005,checking,CNY,2026-05-02,active,Branch_E
ACCT8467645,CUST355977,checking,CNY,2026-06-27,active,Branch_A
ACCT5399123,CUST794417,savings,HKD,2026-05-12,active,Branch_A
ACCT3287661,CUST445503,checking,CNY,2026-05-05,active,Branch_C
ACCT2386240,CUST486173,checking,CNY,2023-02-25,active,Branch_E
ACCT7602332,CUST570437,investment,CNY,2026-05-27,active,Branch_A
ACCT3231262,CUST896619,wealth_management,CNY,2025-04-23,frozen,Branch_A
ACCT5292454,CUST402281,checking,CNY,2026-05-22,active,Branch_E
ACCT8901540,CUST531936,savings,HKD,2026-06-03,closed,Branch_A
ACCT9117355,CUST101597,wealth_management,USD,2022-10-05,active,Branch_B
ACCT2907299,CUST636984,investment,USD,2026-05-18,closed,Branch_B
ACCT9603638,CUST117971,investment,CNY,2026-06-04,active,Branch_E
ACCT8250014,CUST178490,investment,CNY,2026-06-09,closed,Branch_C
ACCT4044626,CUST707267,wealth_management,CNY,2026-06-09,active,Branch_E
ACCT6426438,CUST957882,checking,CNY,2019-12-23,active,Branch_B
ACCT3918724,CUST346828,checking,CNY,2026-06-05,active,Branch_A
ACCT7063189,CUST643753,wealth_management,CNY,2023-07-25,active,Branch_C
ACCT1151445,CUST650159,wealth_management,USD,2019-09-04,closed,Branch_B
ACCT6458143,CUST913931,savings,CNY,2024-04-06,active,Branch_A
ACCT1997823,CUST348786,checking,CNY,2026-06-27,frozen,Branch_E
ACCT8195392,CUST962388,savings,CNY,2026-06-27,active,Branch_A
ACCT7145799,CUST977105,investment,CNY,2026-05-27,active,Branch_C
ACCT2912922,CUST435575,investment,CNY,2018-01-25,active,Branch_C
ACCT8597595,CUST840059,savings,EUR,2026-06-15,active,Branch_A
ACCT9459900,CUST394369,wealth_management,CNY,2025-04-29,frozen,Branch_E
ACCT9123997,CUST619318,investment,USD,2026-06-19,active,Branch_C
ACCT9816976,CUST486989,checking,CNY,2026-06-17,active,Branch_A
ACCT5733668,CUST903372,checking,CNY,2026-05-07,active,Branch_A
ACCT5287568,CUST202251,checking,CNY,2026-06-24,active,Branch_A
ACCT9814983,CUST563956,savings,EUR,2025-10-05,active,Branch_B
ACCT4335996,CUST920972,wealth_management,USD,2026-06-28,active,Branch_E
ACCT2942466,CUST651796,checking,CNY,2025-05-08,active,Branch_E
ACCT4082479,CUST907847,checking,CNY,2026-06-05,active,Branch_E
ACCT7286162,CUST579136,savings,CNY,2026-06-04,closed,Branch_D
ACCT4238854,CUST180389,investment,CNY,2026-05-22,active,Branch_E
ACCT9303731,CUST958205,savings,USD,2022-03-01,active,Branch_C
ACCT6450815,CUST999522,investment,HKD,2021-04-03,active,Branch_A
ACCT1337850,CUST289622,checking,CNY,2026-05-28,active,Branch_A
ACCT6345037,CUST117664,savings,CNY,2018-05-05,closed,Branch_A
ACCT5122265,CUST318079,checking,CNY,2026-06-23,active,Branch_B
ACCT9948694,CUST971441,savings,USD,2026-05-26,active,Branch_A
ACCT5782261,CUST981840,checking,CNY,2020-01-05,frozen,Branch_B
ACCT2313197,CUST436625,investment,CNY,2026-05-02,active,Branch_B
ACCT7846133,CUST971441,savings,CNY,2020-09-23,active,Branch_B
ACCT7072267,CUST739166,investment,CNY,2026-06-28,active,Branch_B
ACCT8772338,CUST790686,savings,CNY,2026-05-01,active,Branch_D
ACCT2450556,CUST287911,savings,CNY,2026-05-29,active,Branch_A
ACCT2025089,CUST981840,wealth_management,CNY,2026-05-16,active,Branch_C
ACCT3546888,CUST544490,checking,CNY,2026-05-14,active,Branch_B
ACCT7118237,CUST200560,checking,CNY,2026-05-20,active,Branch_C
ACCT2470766,CUST575642,investment,CNY,2026-05-03,active,Branch_C
ACCT3601207,CUST971441,savings,CNY,2021-11-19,active,Branch_C
ACCT3024571,CUST527873,investment,USD,2023-05-18,active,Branch_D
ACCT3896483,CUST560498,investment,USD,2026-05-27,active,Branch_E
ACCT3597682,CUST273122,wealth_management,CNY,2018-11-07,active,Branch_E
ACCT4577846,CUST928819,savings,USD,2026-05-06,active,Branch_B
ACCT3754542,CUST576344,savings,CNY,2026-05-04,active,Branch_D
ACCT9482633,CUST748359,checking,EUR,2023-08-29,closed,Branch_D
ACCT7329235,CUST949175,savings,CNY,2026-06-26,active,Branch_B
ACCT2656921,CUST480779,investment,CNY,2023-05-19,active,Branch_D
ACCT9173486,CUST840059,investment,CNY,2026-05-29,frozen,Branch_E
ACCT2223148,CUST394369,wealth_management,USD,2026-05-03,active,Branch_A
ACCT7308039,CUST913931,investment,CNY,2018-05-21,closed,Branch_A
ACCT1341927,CUST460702,checking,CNY,2026-05-30,active,Branch_E
ACCT4366087,CUST942924,wealth_management,CNY,2026-06-14,closed,Branch_B
ACCT6970030,CUST437154,wealth_management,CNY,2026-06-12,active,Branch_B
ACCT5669782,CUST636984,wealth_management,USD,2019-01-11,closed,Branch_A
ACCT4198735,CUST745757,checking,CNY,2026-05-18,active,Branch_B
ACCT2851166,CUST898001,investment,CNY,2025-11-30,active,Branch_C
ACCT2317940,CUST960432,investment,CNY,2026-06-16,active,Branch_A
ACCT3523012,CUST816214,savings,EUR,2022-04-04,closed,Branch_E
ACCT4916942,CUST875168,savings,CNY,2026-06-05,active,Branch_B
ACCT5352652,CUST472066,savings,CNY,2026-05-08,closed,Branch_D
ACCT9431542,CUST999904,wealth_management,CNY,2026-06-12,active,Branch_E
ACCT8051676,CUST840812,checking,CNY,2026-06-10,active,Branch_C
ACCT2254919,CUST322373,checking,CNY,2025-05-22,active,Branch_B
ACCT1666215,CUST196630,savings,CNY,2026-05-15,active,Branch_B
ACCT6422851,CUST416534,wealth_management,CNY,2026-06-12,active,Branch_B
ACCT6982627,CUST775602,investment,CNY,2018-12-28,active,Branch_E
ACCT9403749,CUST364027,savings,CNY,2026-05-18,active,Branch_B
ACCT5017330,CUST664132,investment,CNY,2023-04-29,active,Branch_D
ACCT3689102,CUST572364,savings,EUR,2026-06-20,active,Branch_C
ACCT8890511,CUST420364,savings,CNY,2026-05-01,active,Branch_C
ACCT5666480,CUST818425,wealth_management,CNY,2026-05-24,active,Branch_E
ACCT5747432,CUST352625,checking,CNY,2018-04-20,active,Branch_D
ACCT4879891,CUST355380,wealth_management,EUR,2021-09-01,active,Branch_B
ACCT4275975,CUST647883,savings,USD,2026-06-23,active,Branch_C
ACCT2928820,CUST586542,checking,CNY,2026-06-29,active,Branch_A
ACCT4528637,CUST370664,checking,EUR,2021-01-07,closed,Branch_B
ACCT1895783,CUST889896,investment,CNY,2026-06-03,active,Branch_D
ACCT7471820,CUST900000,savings,CNY,2019-12-15,active,Branch_D
ACCT6313286,CUST212259,savings,CNY,2019-06-24,active,Branch_D
ACCT4206753,CUST130043,checking,USD,2024-05-21,closed,Branch_E
ACCT4582716,CUST789118,investment,CNY,2026-06-22,active,Branch_D
ACCT3761360,CUST562937,investment,EUR,2021-09-25,active,Branch_A
ACCT8749807,CUST355625,checking,EUR,2026-06-30,active,Branch_A
ACCT6395014,CUST160041,savings,HKD,2018-05-01,frozen,Branch_B
ACCT8360411,CUST802769,savings,CNY,2026-05-28,active,Branch_C
ACCT2218993,CUST783195,checking,CNY,2026-06-14,active,Branch_B
ACCT8572532,CUST699675,wealth_management,USD,2026-06-20,active,Branch_E
ACCT3914359,CUST518222,wealth_management,USD,2024-08-12,active,Branch_C
ACCT2553430,CUST828427,savings,CNY,2026-05-07,active,Branch_B
ACCT7059064,CUST348050,checking,CNY,2026-05-20,active,Branch_D
ACCT9311673,CUST789139,investment,HKD,2026-05-22,active,Branch_B
ACCT5541823,CUST782282,investment,CNY,2026-05-10,active,Branch_B
ACCT7519680,CUST923098,savings,CNY,2018-09-12,active,Branch_C
ACCT7780214,CUST607593,savings,CNY,2026-06-29,active,Branch_A
ACCT5367709,CUST790686,checking,CNY,2020-05-05,active,Branch_E
ACCT6884534,CUST481143,wealth_management,USD,2026-06-29,active,Branch_E
ACCT1995693,CUST396637,investment,CNY,2026-06-18,active,Branch_A
ACCT1444366,CUST774113,investment,CNY,2026-06-01,active,Branch_C
ACCT2585682,CUST603998,savings,CNY,2026-06-20,active,Branch_D
ACCT1114520,CUST438606,savings,CNY,2026-05-12,frozen,Branch_D
ACCT1380689,CUST426090,checking,USD,2026-05-07,active,Branch_C
ACCT1103026,CUST694040,wealth_management,USD,2019-05-09,active,Branch_A
ACCT1018658,CUST531579,wealth_management,USD,2026-06-12,frozen,Branch_D
ACCT1320646,CUST961047,wealth_management,CNY,2026-05-26,frozen,Branch_B
ACCT8238132,CUST432431,savings,CNY,2019-12-06,active,Branch_D
ACCT8317451,CUST959931,wealth_management,CNY,2026-06-16,active,Branch_C
ACCT1880267,CUST178490,savings,CNY,2026-06-21,active,Branch_A
ACCT1598301,CUST677338,savings,USD,2026-06-23,frozen,Branch_A
ACCT1286306,CUST971780,wealth_management,CNY,2026-06-16,active,Branch_D
ACCT5797184,CUST710228,savings,CNY,2026-06-27,active,Branch_B
ACCT9027900,CUST381503,savings,CNY,2026-05-26,frozen,Branch_D
ACCT9193301,CUST467064,savings,USD,2018-12-22,active,Branch_A
ACCT7031772,CUST373048,wealth_management,CNY,2026-06-04,active,Branch_D
ACCT7275911,CUST852129,savings,CNY,2026-06-03,active,Branch_A
ACCT6123112,CUST884959,savings,CNY,2026-05-08,active,Branch_A
ACCT8920818,CUST567463,investment,CNY,2026-02-21,active,Branch_E
ACCT9876581,CUST342560,investment,CNY,2025-03-07,active,Branch_E
ACCT9723110,CUST822377,investment,CNY,2026-06-25,active,Branch_C
ACCT6656302,CUST806400,savings,CNY,2019-08-31,closed,Branch_B
ACCT4708887,CUST758994,wealth_management,CNY,2025-12-21,active,Branch_C
ACCT5888250,CUST645510,savings,CNY,2024-01-22,closed,Branch_D
ACCT5776379,CUST877279,wealth_management,USD,2022-05-08,frozen,Branch_A
ACCT7226004,CUST371364,investment,USD,2026-06-08,active,Branch_D
ACCT5828535,CUST799188,checking,CNY,2023-04-26,active,Branch_E
ACCT8209321,CUST922906,checking,CNY,2026-06-25,active,Branch_A
ACCT6030469,CUST146506,checking,USD,2026-05-19,active,Branch_E
ACCT7171839,CUST972761,savings,CNY,2026-05-31,closed,Branch_C
ACCT7480746,CUST710311,checking,CNY,2018-11-27,active,Branch_B
