customer_id,first_name,last_name,gender,birth_date,city,phone,email,registration_date,status
CUST927378,Bin,Wang,F,1989-08-25,Hangzhou,15346357347,bin.wang99@example.com,2023-02-19,active
CUST998547,Fang,Zhu,F,1963-09-22,Shenzhen,16451924783,fang.zhu389@example.com,2020-04-11,active
CUST647586,Jun,He,F,1968-07-07,Qingdao,18809467318,jun.he341@example.com,2026-05-28,inactive
CUST249462,Qiang,Li,F,1985-01-19,Qingdao,19992767890,qiang.li469@example.com,2026-05-28,active
CUST914523,Long,Guo,F,1976-06-23,Shenzhen,18524611013,long.guo755@example.com,2018-08-06,inactive
CUST700735,Bin,Zhu,F,1975-05-09,Beijing,14234032749,bin.zhu262@example.com,2026-06-30,active
CUST575642,Ming,Wang,F,1968-04-24,Beijing,14674151738,ming.wang183@example.com,2021-03-19,active
CUST749818,Ming,Li,F,1960-03-01,Qingdao,17257834283,ming.li881@example.com,2026-05-05,active
CUST708538,Qiang,Zhou,M,1979-08-01,Shanghai,13747259111,qiang.zhou155@example.com,2021-04-17,active
CUST831588,Bin,Chen,M,1994-07-04,Guangzhou,14643228547,bin.chen543@example.com,2020-04-06,active
CUST434795,Wei,Ma,M,1984-05-15,Guangzhou,19308028292,wei.ma358@example.com,2026-06-12,active
CUST432206,Wei,Zhu,M,1979-08-07,Beijing,19450964777,wei.zhu934@example.com,2026-06-15,active
CUST570495,Ran,Zheng,F,1970-11-19,Shenzhen,13576125497,ran.zheng912@example.com,2024-07-31,active
CUST201232,Ting,Huang,M,1994-05-21,Nanjing,14491327034,ting.huang813@example.com,2026-05-29,inactive
CUST283991,Jie,Wang,F,1971-12-30,Shenzhen,15564873352,jie.wang896@example.com,2026-06-14,active
CUST862332,Qiang,Yang,F,1975-03-17,Chengdu,16665873570,qiang.yang761@example.com,2026-05-16,active
CUST417444,Ran,Zhou,M,1972-08-06,Shenzhen,17753193982,ran.zhou552@example.com,2026-05-20,active
CUST241496,Ting,Li,F,1986-11-28,Qingdao,16304493039,ting.li750@example.com,2026-05-09,active
CUST121156,Yan,Luo,M,1988-05-08,Guangzhou,13439689043,yan.luo361@example.com,2026-06-09,inactive
CUST200560,Jun,Zheng,M,1963-02-13,Qingdao,13829582199,jun.zheng752@example.com,2026-06-13,active
CUST454816,Ning,Huang,F,1965-10-24,Beijing,17383992526,ning.huang344@example.com,2026-06-24,active
CUST903504,Ting,He,M,1976-01-01,Qingdao,15755515192,ting.he789@example.com,2026-05-08,active
CUST364027,Ting,Wu,M,1960-04-06,Chengdu,19761170714,ting.wu251@example.com,2019-03-08,active
CUST910372,Tao,Wu,F,1988-12-10,Xian,19771371931,tao.wu363@example.com,2026-06-17,active
CUST404111,Qiang,Huang,M,1968-06-26,Guangzhou,18630058854,qiang.huang126@example.com,2026-05-07,active
CUST881693,Jun,Zhao,F,1981-04-22,Guangzhou,17229313748,jun.zhao553@example.com,2020-02-15,active
CUST674939,Qiang,Ma,M,1965-06-12,Guangzhou,14407684076,qiang.ma627@example.com,2021-09-01,active
CUST884807,Jie,Zhu,F,1993-02-12,Qingdao,13788213705,jie.zhu343@example.com,2026-05-06,active
CUST533830,Qiang,Wang,M,1997-05-25,Chengdu,16150782608,qiang.wang332@example.com,2026-05-23,active
CUST924562,Chen,Liu,M,1964-06-18,Guangzhou,17551133113,chen.liu580@example.com,2026-05-31,active
CUST708275,Hua,Wang,M,1962-06-17,Shenzhen,15832727257,hua.wang102@example.com,2019-01-05,active
CUST613815,Hua,He,F,1964-06-07,Hangzhou,19329507222,hua.he931@example.com,2026-05-28,active
CUST644232,Jun,Liu,M,1973-02-12,Beijing,17546066491,jun.liu678@example.com,2025-10-06,active
CUST853562,Xin,Gao,M,1995-12-28,Guangzhou,18540033036,xin.gao550@example.com,2026-06-13,active
CUST952934,Xiao,Zhao,F,1969-01-22,Qingdao,19728578707,xiao.zhao138@example.com,2024-04-26,active
CUST418334,Qiang,Li,M,1986-02-02,Xian,14421928441,qiang.li708@example.com,2026-05-23,active
CUST448745,Jie,He,F,1980-06-11,Chengdu,16768805807,jie.he965@example.com,2026-06-09,active
CUST192327,Fang,Zhang,M,1985-12-03,Nanjing,13897750794,fang.zhang954@example.com,2026-06-20,active
CUST212031,Long,Hu,F,1968-12-20,Guangzhou,16717116230,long.hu74@example.com,2023-06-02,inactive
CUST101597,Ning,Wu,F,1983-04-04,Chengdu,19113731945,ning.wu634@example.com,2026-06-17,inactive
CUST198863,Long,He,F,1983-01-06,Xian,14287264833,long.he924@example.com,2025-01-11,active
CUST138162,Lei,Zhao,F,1990-06-01,Shenzhen,18816772882,lei.zhao794@example.com,2021-01-01,active
CUST708846,Hua,Zheng,F,1973-05-29,Beijing,15207762312,hua.zheng687@example.com,2022-03-19,active
CUST961133,Bin,Guo,M,1989-01-01,Shenzhen,17939470237,bin.guo260@example.com,2026-05-29,inactive
CUST994848,Hao,Liu,F,1989-04-28,Beijing,14802158923,hao.liu655@example.com,2026-05-20,inactive
CUST695099,Ning,Lin,F,1984-04-19,Shenzhen,17589579464,ning.lin238@example.com,2026-05-24,active
CUST569391,Ran,Wang,F,1968-04-21,Chengdu,15813903857,ran.wang373@example.com,2026-05-15,active
CUST793407,Wei,Hu,M,1961-10-03,Beijing,13732896897,wei.hu106@example.com,2021-10-04,active
CUST618212,Long,Li,F,1975-12-25,Shanghai,15839802956,long.li223@example.com,2026-05-31,active
CUST992741,Ning,Huang,M,1990-09-06,Beijing,16299521270,ning.huang347@example.com,2026-06-06,active
CUST125346,Ming,Lin,M,1963-09-02,Shenzhen,18535466223,ming.lin751@example.com,2026-06-29,suspended
CUST326551,Qiang,Wang,F,1972-11-15,Xian,16135353019,qiang.wang609@example.com,2026-05-29,active
CUST478150,Long,Zhang,M,1963-08-30,Nanjing,17412668302,long.zhang571@example.com,2026-05-20,active
CUST734502,Hao,Hu,M,1972-05-04,Shenzhen,18497099245,hao.hu326@example.com,2021-08-13,active
CUST903175,Hua,Yang,F,1966-06-19,Xian,19883220946,hua.yang842@example.com,2026-03-04,inactive
CUST719319,Hua,Lin,M,1962-06-03,Hangzhou,15427715420,hua.lin904@example.com,2023-03-28,inactive
CUST732568,Yan,Zhu,M,1994-05-08,Guangzhou,19675271990,yan.zhu859@example.com,2019-06-21,active
CUST708908,Yan,Zhu,M,1983-10-23,Wuhan,18896210279,yan.zhu577@example.com,2026-06-29,active
CUST432431,Tao,Lin,M,1992-07-29,Wuhan,19451936509,tao.lin620@example.com,2026-05-23,active
CUST912428,Fang,Zheng,F,1977-08-24,Beijing,19382965180,fang.zheng538@example.com,2026-05-30,inactive
CUST828838,Bin,Sun,M,1960-09-02,Qingdao,19835490341,bin.sun737@example.com,2026-05-20,active
CUST622269,Hao,Luo,F,1981-09-06,Xian,19444035479,hao.luo537@example.com,2024-07-26,active
CUST707653,Lei,Liu,F,1976-02-19,Qingdao,16547341357,lei.liu826@example.com,2026-05-15,active
CUST485839,Ming,Huang,F,1994-04-07,Wuhan,16585583926,ming.huang180@example.com,2026-06-01,active
CUST882014,Xin,Luo,F,1982-07-23,Xian,16689829113,xin.luo295@example.com,2020-10-11,active
CUST769768,Fang,Li,F,1991-10-05,Guangzhou,14110873799,fang.li700@example.com,2026-06-21,active
CUST974551,Xin,Zhu,F,1997-01-04,Beijing,19875298177,xin.zhu642@example.com,2026-06-07,inactive
CUST894861,Hua,Zhao,F,1981-08-01,Wuhan,14460416987,hua.zhao312@example.com,2026-05-01,active
CUST333270,Ning,Yang,M,1985-01-20,Wuhan,18125886074,ning.yang796@example.com,2026-05-05,active
CUST444855,Bin,Zhang,M,1987-10-16,Shenzhen,13588319652,bin.zhang457@example.com,2026-05-14,active
CUST694640,Wei,Guo,M,1978-07-08,Chengdu,16423175666,wei.guo411@example.com,2026-06-29,active
CUST307467,Lan,Sun,F,1994-03-07,Hangzhou,18341798497,lan.sun475@example.com,2026-05-14,active
CUST174396,Lei,Yang,F,1996-02-11,Shenzhen,18583713242,lei.yang220@example.com,2026-05-23,inactive
CUST572364,Xiao,Zhao,F,1972-06-24,Shanghai,17804236791,xiao.zhao906@example.com,2026-05-06,active
CUST987699,Chen,Hu,F,1962-06-04,Shenzhen,15176399093,chen.hu874@example.com,2026-06-24,active
CUST340364,Hao,Wu,M,1983-12-20,Shenzhen,16549172002,hao.wu714@example.com,2026-05-24,active
CUST241287,Qiang,Liu,F,1974-03-28,Shenzhen,13790835453,qiang.liu472@example.com,2023-06-03,active
CUST704051,Jun,Sun,F,1961-08-18,Hangzhou,16302822075,jun.sun777@example.com,2021-08-13,active
CUST440397,Jun,Chen,F,1965-03-26,Qingdao,17568026153,jun.chen42@example.com,2026-06-15,active
CUST756626,Ning,Sun,M,1996-02-16,Beijing,14244597680,ning.sun848@example.com,2019-12-04,active
CUST503593,Ming,Zhou,M,1991-08-21,Nanjing,13340751490,ming.zhou463@example.com,2026-05-12,active
CUST917257,Lei,Gao,F,1960-04-01,Chengdu,16225986370,lei.gao692@example.com,2024-09-19,active
CUST172260,Tao,Wu,F,1985-03-02,Shenzhen,18280914051,tao.wu689@example.com,2026-05-05,active
CUST204468,Xiao,Sun,F,1999-03-21,Wuhan,13516985228,xiao.sun350@example.com,2026-06-16,active
CUST862174,Fang,He,M,1983-03-30,Hangzhou,18261435662,fang.he681@example.com,2026-06-20,active
CUST741486,Lan,Zheng,M,1966-08-08,Wuhan,18903150023,lan.zheng466@example.com,2026-05-11,active
CUST999740,Qiang,Zhu,F,1961-01-19,Qingdao,19503799694,qiang.zhu948@example.com,2020-05-27,inactive
CUST836739,Fang,Zhang,F,1985-01-24,Chengdu,14411825012,fang.zhang568@example.com,2019-01-11,active
CUST776389,Hao,Yang,M,1981-11-23,Nanjing,14659096094,hao.yang521@example.com,2026-05-07,inactive
CUST388812,Tao,Chen,F,1982-10-23,Xian,17861462663,tao.chen776@example.com,2022-08-08,active
CUST810191,Yan,Gao,M,1969-09-11,Shenzhen,19405238520,yan.gao190@example.com,2026-05-16,inactive
CUST307511,Ming,Hu,M,2000-10-04,Chengdu,19781474249,ming.hu139@example.com,2026-05-02,active
CUST448559,Hua,Liu,M,1981-03-16,Guangzhou,17783356582,hua.liu994@example.com,2026-05-29,inactive
CUST599982,Xin,Zhao,M,1964-03-30,Beijing,17797045534,xin.zhao662@example.com,2026-05-11,active
CUST579886,Ran,Wu,F,1991-09-12,Xian,17551918039,ran.wu934@example.com,2026-06-20,active
CUST355977,Jie,Huang,F,1961-07-23,Nanjing,14656776073,jie.huang731@example.com,2024-10-15,active
CUST682273,Long,Gao,F,1985-03-08,Guangzhou,16860427736,long.gao814@example.com,2026-05-23,inactive
CUST884959,Hao,Ma,F,1995-09-30,Wuhan,14255624057,hao.ma419@example.com,2026-05-09,active
CUST994574,Xin,Wu,F,1997-09-27,Shenzhen,14216886224,xin.wu837@example.com,2026-05-23,active
CUST169674,Wei,Wang,M,1991-04-15,Qingdao,13642765890,wei.wang163@example.com,2026-05-04,active
CUST214997,Bin,Huang,F,1999-01-29,Chengdu,19380637415,bin.huang287@example.com,2026-06-23,inactive
CUST982409,Lei,Zhu,F,1964-03-12,Shenzhen,16243728367,lei.zhu25@example.com,2026-06-08,active
CUST187823,Tao,Lin,M,1992-04-10,Qingdao,16783483092,tao.lin59@example.com,2026-06-09,active
CUST195200,Jun,Li,F,1961-10-02,Shenzhen,18896590334,jun.li972@example.com,2025-11-22,inactive
CUST892644,Bin,Yang,F,1985-09-03,Xian,16350122368,bin.yang797@example.com,2023-06-02,active
CUST713659,Xin,Guo,F,1977-02-02,Wuhan,18811779408,xin.guo323@example.com,2026-05-04,active
CUST162033,Lan,He,M,2000-08-07,Shenzhen,17152936098,lan.he133@example.com,2026-05-22,active
CUST352625,Xin,Hu,F,1982-02-20,Hangzhou,18997146437,xin.hu761@example.com,2026-05-11,active
CUST789118,Xin,Li,F,1994-12-01,Nanjing,13167815150,xin.li895@example.com,2026-06-10,inactive
CUST189906,Hua,Sun,M,1991-11-25,Hangzhou,15411781692,hua.sun580@example.com,2018-03-23,active
CUST710228,Tao,Zhu,F,1973-12-05,Chengdu,19625770975,tao.zhu466@example.com,2025-08-24,inactive
CUST371364,Ming,Huang,M,1980-12-25,Wuhan,17667580210,ming.huang494@example.com,2026-05-24,active
CUST396942,Qiang,Zhou,M,1973-01-11,Hangzhou,15838932747,qiang.zhou195@example.com,2020-08-12,active
CUST161540,Wei,Luo,F,1985-04-09,Wuhan,14695389781,wei.luo626@example.com,2026-06-11,active
CUST900000,Tao,Chen,M,1973-11-03,Xian,17374986005,tao.chen822@example.com,2026-06-04,active
CUST299352,Xiao,Zhou,F,1973-09-01,Hangzhou,19343268408,xiao.zhou994@example.com,2026-06-02,active
CUST114506,Lei,Gao,F,1982-06-04,Beijing,18114473921,lei.gao58@example.com,2026-05-18,inactive
CUST891804,Jie,Guo,F,1978-04-20,Shenzhen,18939831065,jie.guo869@example.com,2022-04-23,active
CUST388154,Bin,Wang,M,1995-11-24,Nanjing,18761559511,bin.wang293@example.com,2026-06-02,active
CUST589875,Lan,Gao,F,1977-02-20,Hangzhou,17903004594,lan.gao593@example.com,2021-09-23,active
CUST351443,Xin,Wu,F,1971-06-07,Hangzhou,16515470988,xin.wu794@example.com,2022-10-26,active
CUST627870,Qiang,Chen,F,1964-01-14,Shanghai,18211206825,qiang.chen922@example.com,2026-06-26,active
CUST452287,Hao,Zhou,M,1993-02-05,Qingdao,16353157757,hao.zhou1@example.com,2026-06-01,active
CUST877310,Xin,Zhao,M,1979-10-24,Shenzhen,17957527399,xin.zhao401@example.com,2026-05-09,suspended
CUST234874,Lei,Lin,M,1963-09-15,Beijing,18859799521,lei.lin727@example.com,2022-10-04,inactive
CUST851402,Xiao,He,F,1990-01-08,Qingdao,19632210939,xiao.he909@example.com,2026-05-28,active
CUST548749,Ran,Wang,M,1971-06-13,Hangzhou,13608708819,ran.wang168@example.com,2018-12-12,active
CUST682637,Yan,Zhou,M,1972-08-09,Guangzhou,16845743799,yan.zhou860@example.com,2026-06-19,active
CUST964771,Tao,Zhou,M,1982-10-03,Shanghai,13519609306,tao.zhou125@example.com,2026-05-28,active
CUST559222,Bin,Yang,F,1984-10-08,Qingdao,16161702801,bin.yang347@example.com,2026-06-13,active
CUST530417,Xin,Chen,F,1973-01-17,Chengdu,17983482348,xin.chen105@example.com,2024-06-03,active
CUST345530,Yan,Chen,F,1986-12-07,Chengdu,14136684814,yan.chen87@example.com,2026-05-25,active
CUST139643,Fang,Zhang,M,1997-08-05,Guangzhou,13366142059,fang.zhang677@example.com,2026-06-23,inactive
CUST874661,Qiang,Yang,M,1995-04-05,Wuhan,17572835922,qiang.yang254@example.com,2020-05-31,active
CUST758684,Fang,Zheng,M,2000-09-11,Nanjing,17656074641,fang.zheng227@example.com,2026-06-27,active
CUST703390,Hao,Wu,M,1991-08-22,Shanghai,16660552075,hao.wu286@example.com,2026-05-25,active
CUST707267,Ting,Lin,F,1977-01-27,Chengdu,15638620641,ting.lin218@example.com,2024-01-29,active
CUST584059,Qiang,Sun,M,1998-08-31,Nanjing,14542850507,qiang.sun781@example.com,2026-06-17,active
CUST928819,Wei,Wang,F,1979-12-14,Nanjing,18840036109,wei.wang460@example.com,2026-05-30,active
CUST639781,Wei,Gao,M,1993-05-15,Nanjing,13496534391,wei.gao452@example.com,2026-06-19,active
CUST872535,Ran,Zhang,F,1993-06-06,Nanjing,18419219006,ran.zhang245@example.com,2026-06-19,active
CUST347143,Lei,Guo,M,1984-03-13,Xian,13189596639,lei.guo796@example.com,2019-10-04,active
CUST610757,Ran,Ma,F,1985-03-14,Qingdao,19241293445,ran.ma473@example.com,2026-05-10,active
CUST664346,Bin,Wang,F,1985-01-06,Nanjing,13209806013,bin.wang71@example.com,2026-06-15,inactive
CUST470737,Tao,Gao,M,1974-10-05,Hangzhou,16194348325,tao.gao959@example.com,2020-10-13,active
CUST812402,Ming,Ma,F,1988-09-01,Shenzhen,16894382514,ming.ma597@example.com,2026-06-22,active
CUST955741,Tao,Zheng,M,1973-11-30,Nanjing,14808946739,tao.zheng797@example.com,2026-06-20,active
CUST427448,Lei,Liu,F,1974-03-22,Nanjing,18992653836,lei.liu14@example.com,2026-05-18,inactive
CUST101870,Xiao,Zhang,M,1965-07-04,Nanjing,17130908613,xiao.zhang117@example.com,2026-05-15,active
CUST712623,Yan,Gao,M,1960-10-07,Beijing,16581150399,yan.gao116@example.com,2026-06-09,inactive
CUST160195,Bin,Wu,F,1961-06-11,Nanjing,14273165025,bin.wu409@example.com,2026-05-08,active
CUST527873,Xiao,Gao,M,1983-01-11,Wuhan,19283001133,xiao.gao810@example.com,2020-09-20,inactive
CUST908227,Ran,Chen,F,1966-04-28,Beijing,17865853406,ran.chen140@example.com,2026-06-12,active
CUST767687,Yan,Zheng,F,1966-02-19,Beijing,13857593334,yan.zheng80@example.com,2026-06-22,active
CUST117664,Bin,Wang,F,1962-08-31,Qingdao,14452136429,bin.wang751@example.com,2026-06-10,active
CUST603998,Chen,Zhao,F,1968-06-08,Wuhan,16788966388,chen.zhao502@example.com,2026-06-02,active
CUST892540,Lan,Sun,F,1987-02-25,Shenzhen,18149929571,lan.sun912@example.com,2025-05-07,inactive
CUST820829,Jun,Zhou,F,1986-08-10,Wuhan,16961397677,jun.zhou138@example.com,2026-05-18,suspended
CUST894032,Ming,Luo,M,1976-12-12,Shenzhen,14347258042,ming.luo898@example.com,2024-05-31,inactive
CUST781638,Ming,Zhang,M,1969-09-15,Chengdu,15613989096,ming.zhang487@example.com,2026-05-17,active
CUST636627,Ming,Luo,M,1988-12-03,Xian,19632876644,ming.luo825@example.com,2026-05-07,active
CUST799188,Xiao,Liu,M,1976-09-03,Guangzhou,18778691397,xiao.liu389@example.com,2025-01-30,active
CUST123494,Jun,Zhang,M,1986-02-01,Xian,13221851724,jun.zhang28@example.com,2026-05-09,active
CUST722461,Xin,Yang,M,1969-05-30,Hangzhou,19764596069,xin.yang903@example.com,2026-05-24,active
CUST787251,Ning,Huang,F,1979-01-13,Guangzhou,15532513805,ning.huang852@example.com,2022-03-20,active
CUST219378,Lei,Chen,M,1992-05-12,Guangzhou,17234914689,lei.chen685@example.com,2026-06-30,active
CUST707285,Qiang,Lin,F,1986-11-01,Shenzhen,15255562052,qiang.lin306@example.com,2018-02-17,active
CUST706662,Hao,Wu,F,1986-12-27,Beijing,18867370875,hao.wu725@example.com,2021-03-27,active
CUST959224,Ning,Wu,F,1966-07-25,Beijing,15465501581,ning.wu128@example.com,2025-04-23,inactive
CUST505271,Ming,Zheng,M,1990-07-02,Nanjing,16945088008,ming.zheng458@example.com,2020-04-23,active
CUST816422,Ting,Wu,F,1998-07-15,Guangzhou,17150548098,ting.wu119@example.com,2020-10-30,active
CUST308221,Jie,Guo,M,1980-08-23,Hangzhou,17277899094,jie.guo994@example.com,2026-05-10,active
CUST209497,Ran,Zhang,M,1998-09-24,Shenzhen,15358547002,ran.zhang221@example.com,2023-05-27,inactive
CUST698433,Jie,Hu,F,1970-12-16,Hangzhou,13994122887,jie.hu883@example.com,2026-05-17,active
CUST953327,Hua,Huang,M,1967-04-17,Nanjing,13426317359,hua.huang563@example.com,2026-05-14,inactive
CUST945849,Xin,Wang,M,1995-02-08,Nanjing,18628540765,xin.wang653@example.com,2026-06-07,active
CUST522505,Long,Huang,M,1976-11-02,Shanghai,15771183959,long.huang371@example.com,2026-05-09,active
CUST545637,Tao,Luo,M,1965-11-10,Qingdao,16796274336,tao.luo607@example.com,2026-06-02,active
CUST687104,Chen,Zhou,M,1986-09-21,Qingdao,14661462447,chen.zhou884@example.com,2026-06-07,active
CUST217032,Tao,Luo,M,1979-08-25,Xian,19784263890,tao.luo550@example.com,2025-05-24,active
CUST877279,Wei,Liu,M,1969-05-31,Beijing,16404258351,wei.liu987@example.com,2026-05-14,active
CUST211157,Wei,Luo,M,1972-07-16,Hangzhou,14484552405,wei.luo105@example.com,2026-05-01,inactive
CUST355380,Ran,Liu,F,1975-06-16,Shenzhen,19833421837,ran.liu430@example.com,2026-06-24,inactive
CUST447255,Bin,He,F,1974-12-26,Hangzhou,19991715572,bin.he470@example.com,2026-06-05,active
CUST871823,Hua,Zhu,F,1985-04-07,Hangzhou,17493749181,hua.zhu936@example.com,2026-06-14,active
CUST259297,Fang,Sun,F,1989-06-07,Hangzhou,17642410765,fang.sun921@example.com,2026-05-27,active
CUST957882,Qiang,Huang,M,1985-02-04,Nanjing,13353202386,qiang.huang687@example.com,2026-05-19,active
CUST465174,Yan,Yang,F,1979-09-07,Nanjing,19895511201,yan.yang795@example.com,2026-06-09,active
CUST109408,Lei,He,F,1988-04-06,Shenzhen,17734590882,lei.he873@example.com,2022-01-09,active
CUST666047,Qiang,Yang,F,2000-01-17,Beijing,15996871875,qiang.yang768@example.com,2026-05-06,suspended
CUST570156,Jie,Wang,F,1987-12-10,Qingdao,19846005587,jie.wang98@example.com,2026-06-09,active
CUST295975,Lei,Lin,F,1976-10-04,Nanjing,13533062858,lei.lin394@example.com,2026-06-11,active
CUST968405,Tao,Wang,M,1970-09-18,Qingdao,14498031849,tao.wang795@example.com,2026-06-18,inactive
CUST781827,Lei,Yang,M,1999-01-26,Xian,15521459085,lei.yang302@example.com,2026-05-30,inactive
CUST247368,Tao,Huang,F,1986-01-27,Chengdu,19595722587,tao.huang577@example.com,2022-02-08,inactive
CUST896619,Hua,Lin,M,1985-10-09,Guangzhou,13279301098,hua.lin246@example.com,2026-05-07,active
CUST800143,Wei,Luo,F,1985-02-14,Shenzhen,14728199129,wei.luo246@example.com,2021-03-06,active
CUST518542,Xiao,Zhang,F,1984-05-28,Guangzhou,17855106895,xiao.zhang671@example.com,2026-05-24,active
CUST605171,Qiang,Zhu,F,1969-06-06,Chengdu,15145275570,qiang.zhu188@example.com,2026-06-11,active
CUST460277,Ning,Guo,F,1994-08-29,Beijing,13746644805,ning.guo498@example.com,2026-05-29,active
CUST954966,Yan,Wang,M,1963-08-29,Wuhan,13357808063,yan.wang92@example.com,2026-06-06,active
CUST336296,Qiang,Luo,M,1983-04-27,Xian,16950423632,qiang.luo893@example.com,2026-05-04,active
CUST202251,Ning,Luo,M,1992-06-21,Beijing,18102431264,ning.luo616@example.com,2018-10-19,active
CUST330569,Ming,Hu,F,1973-10-28,Shanghai,13277368938,ming.hu641@example.com,2026-06-22,inactive
CUST896095,Fang,Lin,M,1997-06-05,Nanjing,15205509418,fang.lin801@example.com,2026-05-10,active
CUST801077,Jun,Lin,M,1986-12-11,Beijing,14311484989,jun.lin547@example.com,2021-02-10,active
CUST214548,Ting,Wang,F,1982-05-11,Wuhan,14284824027,ting.wang358@example.com,2026-05-16,active
CUST472066,Jie,He,F,1974-08-12,Hangzhou,13441845543,jie.he223@example.com,2026-05-05,inactive
CUST544182,Long,Wang,F,1962-05-21,Xian,13300640516,long.wang627@example.com,2026-06-26,active
CUST805883,Xiao,Zhang,M,1996-06-15,Xian,19301888405,xiao.zhang334@example.com,2026-05-11,inactive
CUST656606,Jun,Zhao,M,1985-11-30,Beijing,18251256638,jun.zhao742@example.com,2026-05-09,active
CUST270055,Long,Liu,M,1965-12-22,Beijing,14362596502,long.liu611@example.com,2026-05-19,active
CUST500775,Bin,Ma,M,1968-08-15,Shenzhen,14252622869,bin.ma801@example.com,2026-05-13,inactive
CUST932505,Ning,Zhang,F,1971-12-14,Nanjing,18492809872,ning.zhang655@example.com,2026-05-10,active
CUST920261,Ran,Li,M,1972-11-24,Qingdao,18425591465,ran.li961@example.com,2026-06-23,active
CUST884364,Tao,Chen,M,1988-10-23,Shanghai,19940072628,tao.chen68@example.com,2023-12-01,inactive
CUST248762,Fang,Huang,M,1971-06-19,Hangzhou,18389839064,fang.huang356@example.com,2026-06-09,active
CUST912499,Jun,Zhou,M,1987-07-20,Beijing,17635009584,jun.zhou172@example.com,2026-05-12,inactive
CUST897654,Ning,Zhu,F,2000-11-05,Shenzhen,18588961312,ning.zhu66@example.com,2026-05-07,active
CUST348786,Hao,Zhu,F,1992-10-04,Shenzhen,19738733796,hao.zhu266@example.com,2026-06-01,active
CUST785207,Ning,Gao,F,1979-06-19,Wuhan,18681523186,ning.gao513@example.com,2026-06-15,active
CUST308124,Qiang,He,F,1979-09-13,Shanghai,19171252925,qiang.he19@example.com,2024-10-02,inactive
CUST518843,Fang,Wu,F,1964-10-01,Wuhan,15522256055,fang.wu897@example.com,2026-06-21,active
CUST670900,Ting,Guo,M,1963-01-22,Xian,17550796009,ting.guo824@example.com,2026-06-30,inactive
CUST974830,Ming,Zhou,M,1997-06-07,Qingdao,15454537295,ming.zhou292@example.com,2026-05-16,active
CUST961047,Jun,Sun,F,1969-01-18,Hangzhou,16896024967,jun.sun595@example.com,2024-02-06,active
CUST791731,Tao,Huang,M,1992-07-24,Guangzhou,15870651536,tao.huang975@example.com,2018-08-27,active
CUST513123,Bin,Li,F,1961-12-21,Beijing,18228111860,bin.li41@example.com,2026-05-15,inactive
CUST474314,Tao,Sun,F,1991-12-08,Xian,13925705441,tao.sun648@example.com,2026-05-30,active
CUST651813,Fang,Li,M,1975-02-10,Chengdu,16321930511,fang.li989@example.com,2026-05-29,active
CUST388385,Chen,Guo,M,1980-09-05,Chengdu,14831921050,chen.guo297@example.com,2021-09-08,active
CUST518222,Qiang,Chen,M,1984-06-07,Xian,13302446004,qiang.chen642@example.com,2026-06-30,suspended
CUST596481,Lan,Sun,M,1980-10-09,Shenzhen,16271481163,lan.sun740@example.com,2024-04-17,suspended
CUST160041,Ning,Chen,F,1967-12-19,Hangzhou,15637920424,ning.chen767@example.com,2026-06-23,active
CUST489498,Jie,Guo,F,1991-09-19,Chengdu,16101911355,jie.guo83@example.com,2026-06-23,active
CUST652767,Lan,Sun,M,1966-09-18,Hangzhou,18841729328,lan.sun294@example.com,2026-06-04,active
CUST548109,Jun,He,M,1999-01-25,Qingdao,16277808404,jun.he541@example.com,2026-05-22,active
CUST608766,Jun,Zhu,F,1968-05-16,Shenzhen,16874125551,jun.zhu397@example.com,2026-05-21,active
CUST732066,Chen,Huang,M,1989-07-29,Beijing,17125323948,chen.huang398@example.com,2026-05-17,active
CUST629625,Ting,Huang,M,2000-08-19,Wuhan,18429586793,ting.huang8@example.com,2024-05-07,active
CUST730162,Chen,Li,M,1960-01-05,Shanghai,14535074916,chen.li633@example.com,2018-10-14,active
CUST518406,Chen,Lin,M,1989-11-10,Guangzhou,15505698504,chen.lin882@example.com,2026-06-02,active
CUST382129,Qiang,Guo,F,1971-10-16,Guangzhou,14159914450,qiang.guo953@example.com,2022-02-05,inactive
CUST410442,Bin,Liu,F,1974-10-30,Chengdu,13328271679,bin.liu835@example.com,2025-05-13,active
CUST134999,Lei,Lin,M,1978-05-16,Xian,19518049630,lei.lin926@example.com,2026-06-17,active
CUST722162,Ming,He,F,1994-05-06,Nanjing,19513629052,ming.he219@example.com,2023-06-20,active
CUST349462,Hao,Zhang,F,1990-08-02,Chengdu,15761593020,hao.zhang318@example.com,2025-04-26,active
CUST439510,Wei,Zhu,F,1979-04-25,Chengdu,13120918844,wei.zhu248@example.com,2026-06-07,active
CUST754848,Ning,Zhao,M,1980-01-07,Xian,13745218332,ning.zhao335@example.com,2025-02-21,inactive
CUST834761,Jie,Li,F,1965-11-08,Qingdao,19309830934,jie.li383@example.com,2026-06-21,active
CUST852129,Jie,Zheng,M,1999-04-27,Xian,18849046805,jie.zheng984@example.com,2026-06-29,active
CUST232286,Xin,Zheng,M,1974-05-06,Beijing,17545605464,xin.zheng510@example.com,2026-05-27,inactive
CUST563945,Bin,Li,F,1964-04-15,Wuhan,17311306557,bin.li673@example.com,2026-05-13,active
CUST738619,Wei,Zhou,F,1978-04-01,Qingdao,17238917885,wei.zhou10@example.com,2026-05-02,active
CUST875168,Hao,Huang,F,1990-06-03,Qingdao,17691151772,hao.huang765@example.com,2026-06-10,active
CUST306926,Wei,Zhang,M,1996-11-18,Shanghai,15223951935,wei.zhang707@example.com,2026-05-05,active
CUST899267,Long,Hu,F,1995-05-07,Beijing,19591751932,long.hu626@example.com,2026-05-21,active
CUST909711,Yan,Wu,F,1976-07-05,Beijing,18901249747,yan.wu292@example.com,2026-06-25,active
CUST784066,Long,He,F,1982-10-16,Qingdao,17959857446,long.he59@example.com,2026-05-19,active
CUST751779,Xin,Zhu,F,1986-09-21,Nanjing,17868068050,xin.zhu591@example.com,2026-06-06,active
CUST304629,Lei,Chen,F,1974-09-26,Chengdu,18459268494,lei.chen808@example.com,2026-05-23,active
CUST404287,Xiao,Zhao,F,1985-04-14,Hangzhou,19503786098,xiao.zhao295@example.com,2022-06-14,inactive
CUST219406,Qiang,Liu,F,1995-05-26,Wuhan,17381054131,qiang.liu657@example.com,2026-06-05,active
CUST804366,Xin,Zhu,M,1961-06-28,Hangzhou,16304736997,xin.zhu233@example.com,2026-05-07,suspended
CUST848372,Lan,Li,F,1999-02-05,Xian,18704010274,lan.li26@example.com,2026-05-01,active
CUST347652,Lei,Li,M,1992-12-30,Beijing,15936025277,lei.li59@example.com,2019-06-22,active
CUST337291,Bin,Gao,F,1988-09-23,Guangzhou,13512954924,bin.gao675@example.com,2026-06-25,inactive
CUST187069,Tao,Zhu,F,1993-01-29,Qingdao,14273635290,tao.zhu654@example.com,2026-05-08,inactive
CUST544910,Bin,Lin,M,1998-07-31,Beijing,13647422997,bin.lin243@example.com,2026-06-06,inactive
CUST257155,Ting,Zhang,F,1989-02-16,Hangzhou,13685941277,ting.zhang464@example.com,2024-12-26,inactive
CUST865091,Chen,Liu,F,1972-02-08,Hangzhou,18259921977,chen.liu139@example.com,2026-06-08,inactive
CUST195212,Xin,Sun,F,1964-11-25,Qingdao,17560585148,xin.sun766@example.com,2022-04-22,active
CUST334235,Lan,Li,M,1964-02-17,Guangzhou,19489569552,lan.li91@example.com,2026-06-03,active
CUST828427,Hua,Yang,F,1960-03-18,Qingdao,18800250306,hua.yang889@example.com,2026-05-25,active
CUST890873,Jun,Zhang,F,1978-03-22,Guangzhou,17260046485,jun.zhang109@example.com,2026-05-21,active
CUST877682,Yan,Gao,F,1971-06-22,Shenzhen,17382160926,yan.gao884@example.com,2022-01-31,active
CUST460683,Xin,Lin,M,1970-01-25,Nanjing,18214221693,xin.lin409@example.com,2026-05-24,active
CUST473069,Lan,Huang,M,1969-10-24,Hangzhou,13992738621,lan.huang606@example.com,2026-05-23,inactive
CUST903952,Lei,Chen,F,1968-04-13,Chengdu,16172993724,lei.chen177@example.com,2022-06-27,active
CUST748359,Lan,Lin,F,1960-12-13,Shanghai,15663951254,lan.lin719@example.com,2020-03-17,active
CUST383229,Xin,Yang,F,1983-11-13,Shanghai,18177196586,xin.yang452@example.com,2026-06-10,active
CUST658343,Ting,Lin,F,1965-05-04,Guangzhou,19477331428,ting.lin952@example.com,2026-06-09,active
CUST305959,Qiang,Zheng,F,1963-03-05,Shenzhen,18123334772,qiang.zheng922@example.com,2024-03-01,active
CUST798379,Tao,Gao,F,1988-07-21,Beijing,19822901510,tao.gao336@example.com,2021-02-15,active
CUST455462,Hua,Luo,M,1971-08-12,Wuhan,14344642688,hua.luo794@example.com,2026-05-22,active
CUST168719,Bin,Zheng,F,1980-06-29,Chengdu,19758078935,bin.zheng160@example.com,2026-05-17,active
CUST184503,Xin,Zheng,F,1970-08-17,Nanjing,16126167056,xin.zheng205@example.com,2026-05-08,active
CUST803735,Hao,Zhang,M,1980-12-27,Chengdu,17150697972,hao.zhang281@example.com,2018-04-26,active
CUST577367,Tao,Wu,F,1986-10-02,Nanjing,18517711258,tao.wu554@example.com,2018-07-22,active
CUST986902,Ting,Hu,M,1978-12-22,Wuhan,16228330105,ting.hu538@example.com,2019-03-14,active
CUST164039,Jie,Chen,M,1967-06-06,Wuhan,15911187803,jie.chen202@example.com,2019-05-14,active
CUST506847,Qiang,Zheng,F,1999-03-07,Chengdu,18153014879,qiang.zheng47@example.com,2026-05-11,active
CUST735177,Long,Huang,F,1973-01-05,Qingdao,16721271739,long.huang788@example.com,2026-05-06,active
CUST207883,Lei,Hu,F,1966-03-15,Nanjing,15503894667,lei.hu14@example.com,2026-05-26,active
CUST704153,Qiang,He,F,1995-08-30,Shenzhen,18918894481,qiang.he601@example.com,2026-05-09,active
CUST962388,Ran,Wang,M,1997-06-07,Hangzhou,14111353511,ran.wang983@example.com,2019-05-09,active
CUST517035,Xiao,Lin,M,1970-02-28,Wuhan,14286089920,xiao.lin751@example.com,2026-06-11,inactive
CUST364067,Tao,Hu,M,1960-12-26,Nanjing,16580410278,tao.hu176@example.com,2026-05-27,active
CUST203184,Ran,Wu,F,2000-12-12,Qingdao,15505548703,ran.wu482@example.com,2019-10-09,inactive
CUST400679,Ran,Chen,F,1988-11-15,Guangzhou,13565214409,ran.chen945@example.com,2026-05-16,active
CUST505400,Jun,Zhou,F,1979-02-27,Guangzhou,17917064099,jun.zhou342@example.com,2026-06-02,active
CUST629167,Ting,Luo,F,1977-06-19,Shanghai,17194697093,ting.luo927@example.com,2025-08-15,active
CUST767254,Ting,Lin,M,1988-02-17,Xian,17297839120,ting.lin31@example.com,2026-06-11,inactive
CUST851005,Fang,Wu,F,1982-02-11,Beijing,15502041255,fang.wu283@example.com,2026-06-22,inactive
CUST175571,Yan,Wu,F,1978-03-27,Xian,16112413565,yan.wu966@example.com,2025-04-21,active
CUST276962,Xin,Lin,M,1991-08-15,Qingdao,16136524489,xin.lin235@example.com,2026-05-16,active
CUST404166,Fang,Hu,M,1968-08-10,Chengdu,13942100548,fang.hu739@example.com,2022-06-26,active
CUST598885,Tao,Huang,M,1986-02-06,Shenzhen,19298333788,tao.huang8@example.com,2026-06-21,active
CUST537827,Yan,Sun,M,1962-11-06,Shenzhen,15189473952,yan.sun262@example.com,2026-06-09,active
CUST287336,Wei,Zhu,F,1964-01-04,Nanjing,16321654498,wei.zhu305@example.com,2026-05-05,active
CUST888461,Long,Ma,F,1977-06-04,Beijing,16732662246,long.ma457@example.com,2026-06-15,active
CUST645510,Hua,Hu,F,1961-07-03,Nanjing,14794286510,hua.hu593@example.com,2026-06-11,active
CUST673613,Ran,Zhao,M,1993-06-09,Shenzhen,19676901592,ran.zhao800@example.com,2021-09-14,active
CUST851040,Qiang,He,F,1992-05-14,Chengdu,13576936015,qiang.he643@example.com,2026-05-21,active
CUST212259,Xin,Lin,F,1963-10-12,Shanghai,14763394101,xin.lin202@example.com,2026-06-04,active
CUST841237,Fang,Lin,F,1967-05-12,Wuhan,17817762548,fang.lin42@example.com,2022-12-04,active
CUST580635,Ran,Zheng,F,1976-10-27,Shenzhen,19596589423,ran.zheng847@example.com,2026-05-14,active
CUST206409,Jie,Hu,M,1960-04-04,Guangzhou,17835935235,jie.hu388@example.com,2026-06-27,active
CUST835999,Jun,Ma,M,1961-09-25,Shanghai,14785116327,jun.ma538@example.com,2026-05-17,active
CUST926873,Ning,Sun,M,1960-10-13,Xian,19466345448,ning.sun665@example.com,2021-05-30,inactive
CUST589022,Bin,Guo,M,1999-09-07,Shenzhen,16340746236,bin.guo562@example.com,2022-03-05,active
CUST876918,Jie,Hu,M,1973-06-04,Chengdu,14517164366,jie.hu705@example.com,2026-06-21,active
CUST580258,Xiao,Lin,F,1978-01-12,Hangzhou,18738124323,xiao.lin536@example.com,2026-04-28,active
CUST739045,Ming,Zhao,M,1999-07-29,Nanjing,17468283069,ming.zhao977@example.com,2026-05-05,active
CUST503650,Xin,He,M,1998-08-14,Guangzhou,14725556594,xin.he448@example.com,2026-05-27,inactive
CUST731675,Hua,Zhao,F,1964-09-10,Hangzhou,18655593754,hua.zhao286@example.com,2023-02-21,active
CUST504716,Tao,Zheng,M,1980-02-09,Hangzhou,18409612839,tao.zheng12@example.com,2026-06-01,active
CUST793832,Tao,Zheng,M,1988-04-26,Beijing,14867208502,tao.zheng512@example.com,2026-05-18,active
CUST786090,Ting,Ma,M,1962-04-05,Shanghai,16245038062,ting.ma304@example.com,2026-06-12,active
CUST712933,Tao,Wu,M,1975-07-16,Guangzhou,18346649017,tao.wu991@example.com,2026-06-08,active
CUST113762,Jie,Sun,M,1999-05-12,Qingdao,13964353042,jie.sun44@example.com,2024-08-31,active
CUST374753,Long,Liu,F,1997-02-07,Beijing,17132168139,long.liu18@example.com,2019-03-22,active
CUST663249,Jun,Gao,F,1965-08-01,Hangzhou,15417501807,jun.gao898@example.com,2026-06-26,active
CUST710582,Bin,Chen,M,1983-04-11,Hangzhou,16878745358,bin.chen658@example.com,2026-05-23,active
CUST637962,Qiang,Wang,F,1997-10-25,Chengdu,13591099809,qiang.wang10@example.com,2026-06-02,active
CUST857650,Xiao,He,F,1980-12-02,Shenzhen,17779230231,xiao.he746@example.com,2026-05-18,inactive
CUST369080,Xin,Ma,M,1964-12-30,Xian,15415215667,xin.ma502@example.com,2026-05-29,active
CUST898785,Chen,Chen,M,1990-07-03,Xian,16757664636,chen.chen583@example.com,2026-06-27,suspended
CUST555198,Wei,Luo,M,1986-08-07,Chengdu,18816159333,wei.luo672@example.com,2026-06-21,active
CUST774113,Jie,He,M,1972-12-28,Beijing,14279234091,jie.he92@example.com,2025-06-03,inactive
CUST816214,Hao,Liu,M,1996-10-30,Qingdao,16848220813,hao.liu784@example.com,2019-12-25,active
CUST981840,Jun,Gao,M,1983-10-27,Guangzhou,14476308831,jun.gao887@example.com,2026-05-20,inactive
CUST727196,Yan,Zhao,M,1983-05-02,Wuhan,13745540304,yan.zhao339@example.com,2026-05-19,active
CUST795787,Hao,Wang,F,1991-08-19,Shanghai,16610206930,hao.wang697@example.com,2022-05-14,active
CUST763212,Ran,Zhu,F,1980-12-27,Wuhan,15826485590,ran.zhu807@example.com,2026-05-27,active
CUST502949,Hua,Zhou,M,1992-07-31,Chengdu,15852863774,hua.zhou775@example.com,2026-06-22,active
CUST449352,Lei,Zhao,F,1963-02-25,Nanjing,13975494025,lei.zhao101@example.com,2026-06-18,active
CUST323254,Jun,Yang,M,1989-04-24,Nanjing,16121832159,jun.yang27@example.com,2026-05-24,inactive
CUST161053,Wei,Luo,F,1972-04-25,Beijing,15719829691,wei.luo291@example.com,2026-05-20,active
CUST935757,Lei,Luo,F,1997-12-21,Hangzhou,14665853459,lei.luo915@example.com,2021-11-07,inactive
CUST712312,Lan,He,F,2000-08-12,Wuhan,15819567067,lan.he199@example.com,2026-06-13,active
CUST570437,Qiang,Liu,M,1974-08-18,Shenzhen,17173754628,qiang.liu439@example.com,2026-06-13,active
CUST481143,Jie,Zhou,F,1960-10-10,Beijing,16878012919,jie.zhou549@example.com,2026-05-03,active
CUST597453,Lei,Huang,M,1961-07-31,Qingdao,17406249631,lei.huang735@example.com,2026-06-17,active
CUST136560,Ran,Guo,F,1997-11-01,Xian,13985404449,ran.guo268@example.com,2024-02-27,suspended
CUST132401,Ting,Zhao,F,1963-10-05,Beijing,17243091946,ting.zhao432@example.com,2019-09-13,active
CUST521682,Ran,Zhao,M,1981-11-21,Shanghai,15957544509,ran.zhao158@example.com,2026-06-09,active
CUST489684,Xin,Wang,F,1961-04-23,Beijing,19873065534,xin.wang103@example.com,2026-05-26,active
CUST313783,Lei,Zhao,F,1977-06-03,Shanghai,14725281549,lei.zhao955@example.com,2026-05-12,active
CUST687680,Bin,Guo,F,1977-09-16,Beijing,15829134864,bin.guo593@example.com,2026-06-08,active
CUST959754,Hua,He,M,1963-11-13,Guangzhou,14159230336,hua.he456@example.com,2026-06-28,active
CUST560498,Xin,Li,F,1977-11-13,Nanjing,15790402043,xin.li637@example.com,2020-05-07,active
CUST848078,Lan,Hu,M,1994-01-05,Beijing,18975452423,lan.hu585@example.com,2021-01-20,active
CUST810816,Long,Wang,M,1961-11-14,Qingdao,19405650294,long.wang930@example.com,2026-05-06,inactive
CUST818318,Hao,He,F,1963-05-31,Nanjing,15557612999,hao.he813@example.com,2026-05-13,active
CUST449148,Xin,Chen,F,1984-12-18,Wuhan,14598732739,xin.chen387@example.com,2026-05-04,suspended
CUST725777,Tao,Zhao,M,1983-04-02,Chengdu,14204917756,tao.zhao559@example.com,2026-06-05,active
CUST668452,Chen,Huang,F,1962-07-15,Hangzhou,18626857458,chen.huang620@example.com,2026-05-02,suspended
CUST220459,Hua,Wu,M,1977-12-01,Xian,13658695803,hua.wu23@example.com,2026-06-30,active
CUST655961,Xin,Guo,M,1998-06-27,Nanjing,18898898597,xin.guo904@example.com,2026-05-29,active
CUST190279,Long,Zhu,F,1964-06-19,Chengdu,14444675764,long.zhu296@example.com,2026-05-14,active
CUST806400,Fang,Yang,M,1999-05-16,Hangzhou,13590849070,fang.yang99@example.com,2026-06-06,active
CUST649327,Long,Ma,M,1990-03-27,Nanjing,18138603051,long.ma802@example.com,2019-01-26,active
CUST242378,Xin,Ma,M,1976-08-10,Wuhan,14420827675,xin.ma662@example.com,2019-02-02,active
CUST218275,Qiang,Zhao,M,1965-03-05,Chengdu,18448051092,qiang.zhao400@example.com,2020-04-05,active
CUST736180,Qiang,Chen,F,2000-07-17,Qingdao,18291193388,qiang.chen949@example.com,2026-06-21,active
CUST442350,Lan,Gao,M,1962-05-17,Chengdu,19711101108,lan.gao730@example.com,2026-05-11,active
CUST602192,Hao,Huang,M,1990-04-02,Qingdao,17593693541,hao.huang31@example.com,2026-05-17,active
CUST627093,Ran,Liu,M,1961-09-04,Chengdu,18942728726,ran.liu399@example.com,2018-09-09,active
CUST854980,Xiao,Sun,F,1975-01-07,Wuhan,18469239071,xiao.sun619@example.com,2026-05-31,active
CUST892330,Fang,Liu,M,1993-03-30,Xian,13149586993,fang.liu759@example.com,2026-06-05,active
CUST796212,Yan,Gao,F,1984-05-20,Shenzhen,19260966458,yan.gao75@example.com,2026-06-30,active
CUST926694,Yan,Gao,M,1982-02-17,Wuhan,15648629928,yan.gao429@example.com,2021-06-04,active
CUST751848,Qiang,Ma,M,1980-02-06,Shenzhen,19128298315,qiang.ma546@example.com,2026-05-01,inactive
CUST504591,Lei,Hu,M,1977-06-24,Beijing,18723255705,lei.hu538@example.com,2026-05-14,active
CUST330765,Lan,Wu,M,1972-07-27,Beijing,19750050604,lan.wu101@example.com,2026-05-16,active
CUST859607,Tao,Wang,M,1963-03-30,Shanghai,18431559244,tao.wang512@example.com,2022-06-06,active
CUST907728,Hua,He,M,1976-02-06,Qingdao,13432060726,hua.he656@example.com,2026-05-30,inactive
CUST185964,Hua,Zhao,M,1972-01-14,Chengdu,16149627218,hua.zhao971@example.com,2023-03-05,active
CUST701843,Jun,Sun,M,1978-07-13,Guangzhou,18483953536,jun.sun961@example.com,2026-06-07,active
CUST124805,Ran,Liu,F,1964-02-23,Chengdu,17587088375,ran.liu593@example.com,2026-05-11,active
CUST407174,Hua,Luo,F,1984-08-12,Qingdao,14794940377,hua.luo495@example.com,2026-06-18,active
CUST782034,Hao,Lin,F,1966-12-17,Shanghai,13770096635,hao.lin948@example.com,2026-05-09,active
CUST392421,Xin,Gao,M,1965-03-09,Shenzhen,14979756429,xin.gao548@example.com,2020-04-18,inactive
CUST951204,Ting,Huang,M,1963-04-17,Shenzhen,15925902049,ting.huang542@example.com,2026-06-24,active
CUST977745,Bin,Wang,M,1977-10-13,Shanghai,14856779134,bin.wang310@example.com,2026-05-07,active
CUST758587,Lan,Yang,M,1986-08-25,Hangzhou,13991726563,lan.yang103@example.com,2026-06-30,active
CUST201831,Yan,Li,M,1999-10-03,Nanjing,16302631541,yan.li919@example.com,2024-11-10,active
CUST363135,Chen,Zheng,M,1980-07-03,Beijing,19712702279,chen.zheng825@example.com,2026-06-26,active
CUST202070,Ning,Huang,F,1966-06-17,Xian,15249599923,ning.huang223@example.com,2026-06-24,active
CUST175580,Xiao,Wu,M,1966-11-24,Nanjing,19238779077,xiao.wu25@example.com,2026-06-21,active
CUST902950,Ming,Li,F,1979-05-09,Qingdao,18253007373,ming.li111@example.com,2026-05-15,suspended
CUST637636,Jie,Zheng,M,1976-01-03,Wuhan,13541085635,jie.zheng273@example.com,2026-06-26,inactive
CUST726028,Wei,Zhu,F,1974-03-04,Qingdao,18242618037,wei.zhu746@example.com,2019-09-07,active
CUST230441,Lan,Chen,F,1993-10-12,Nanjing,18647903563,lan.chen976@example.com,2026-05-02,active
CUST650433,Jun,Wang,M,1986-04-10,Shanghai,15140918864,jun.wang380@example.com,2018-05-29,inactive
CUST256835,Fang,Zhou,M,1967-05-09,Qingdao,14550106850,fang.zhou325@example.com,2026-06-23,active
CUST129728,Ting,Guo,F,1983-12-14,Shanghai,14255180078,ting.guo550@example.com,2025-07-30,inactive
CUST110711,Hua,Wang,M,1989-09-21,Guangzhou,17413326704,hua.wang93@example.com,2026-06-04,active
CUST102218,Ting,Hu,F,1991-02-21,Shanghai,15836026513,ting.hu81@example.com,2026-06-05,active
CUST870617,Hua,Ma,M,1969-04-29,Hangzhou,16383627013,hua.ma160@example.com,2021-12-25,inactive
CUST350786,Hua,Li,F,1990-08-08,Xian,17191889778,hua.li159@example.com,2020-01-04,active
CUST276083,Jun,Zhang,M,1969-09-21,Nanjing,13474548273,jun.zhang271@example.com,2019-07-22,active
CUST200688,Wei,Lin,F,1969-12-18,Wuhan,15912842413,wei.lin562@example.com,2026-05-16,suspended
CUST575280,Long,Luo,F,1969-10-27,Shenzhen,16657282000,long.luo416@example.com,2026-06-03,active
CUST402300,Lan,Liu,F,1996-04-11,Wuhan,13146545532,lan.liu404@example.com,2026-06-23,active
CUST314179,Jie,Zheng,F,1961-09-11,Guangzhou,19577497650,jie.zheng91@example.com,2026-05-13,active
CUST396990,Hua,Huang,M,1999-02-12,Beijing,16992427677,hua.huang190@example.com,2019-10-14,active
CUST333782,Chen,Ma,F,1988-04-29,Wuhan,17382543662,chen.ma758@example.com,2024-07-04,active
CUST752125,Fang,Wu,M,1978-10-05,Hangzhou,14973032446,fang.wu22@example.com,2024-03-16,active
CUST630893,Xiao,Huang,M,1992-08-25,Hangzhou,18333507297,xiao.huang831@example.com,2026-05-15,active
CUST294187,Wei,Ma,F,1966-11-21,Nanjing,17656142600,wei.ma26@example.com,2026-06-11,active
CUST238170,Xiao,Zhang,F,1997-02-05,Beijing,14676866155,xiao.zhang132@example.com,2025-01-18,inactive
CUST696789,Xiao,Luo,M,1972-06-24,Hangzhou,14506495079,xiao.luo707@example.com,2026-06-11,active
CUST902226,Jie,Ma,M,1970-07-31,Wuhan,15259461095,jie.ma252@example.com,2026-05-28,active
CUST477541,Fang,Zhang,F,1999-06-26,Nanjing,15893947642,fang.zhang693@example.com,2020-12-27,active
CUST453960,Lei,Zhang,M,1999-11-30,Nanjing,13211448904,lei.zhang935@example.com,2026-06-24,active
CUST865088,Hao,Luo,M,1969-11-25,Shanghai,18382442699,hao.luo199@example.com,2026-06-28,active
CUST822810,Ran,Huang,F,1975-09-05,Shanghai,15903369504,ran.huang37@example.com,2026-06-16,active
CUST214292,Fang,Lin,F,1997-08-09,Xian,13857113713,fang.lin8@example.com,2026-06-27,suspended
CUST595181,Xin,Yang,M,1960-03-10,Shanghai,15174324963,xin.yang159@example.com,2026-05-12,active
CUST404674,Ting,Huang,M,1973-02-27,Nanjing,13269791282,ting.huang10@example.com,2026-05-21,active
CUST403642,Tao,Chen,M,1998-02-18,Wuhan,17396032085,tao.chen292@example.com,2026-05-22,active
CUST394962,Ming,Huang,M,1998-02-26,Shanghai,17798103783,ming.huang137@example.com,2026-06-26,active
CUST694040,Xin,Gao,F,1991-11-02,Hangzhou,16674727173,xin.gao923@example.com,2026-06-21,active
CUST846341,Ting,Luo,M,1994-05-08,Shanghai,16963567310,ting.luo145@example.com,2026-05-17,inactive
CUST988320,Ting,Li,F,1979-03-31,Hangzhou,18201535552,ting.li93@example.com,2026-06-15,active
CUST547457,Lei,Li,M,1977-04-19,Qingdao,18628930455,lei.li368@example.com,2021-04-17,suspended
CUST895790,Ning,Zhou,M,1967-05-14,Hangzhou,13256935975,ning.zhou599@example.com,2026-05-22,active
CUST180389,Jun,Sun,M,1968-12-31,Hangzhou,16385062924,jun.sun206@example.com,2019-10-02,inactive
CUST545034,Xiao,Zheng,F,1983-09-24,Hangzhou,14650369192,xiao.zheng376@example.com,2024-04-24,inactive
CUST747183,Lan,Ma,M,1987-03-30,Wuhan,14777611107,lan.ma276@example.com,2026-06-10,inactive
CUST882118,Wei,Wang,M,1995-02-04,Hangzhou,19177446748,wei.wang959@example.com,2026-05-01,active
CUST691632,Bin,Guo,F,1963-03-04,Beijing,19376919237,bin.guo915@example.com,2026-06-24,active
CUST797843,Ning,Zhu,F,1996-11-22,Xian,17729012133,ning.zhu979@example.com,2023-03-06,active
CUST298916,Fang,Li,M,1960-07-03,Xian,13653195295,fang.li606@example.com,2021-10-25,active
CUST894389,Jun,Gao,M,1980-07-13,Shanghai,18469375243,jun.gao44@example.com,2025-05-26,active
CUST114923,Tao,Gao,M,1963-12-22,Beijing,16433919322,tao.gao400@example.com,2026-05-02,active
CUST783195,Hao,Li,M,1986-10-29,Chengdu,17349285484,hao.li429@example.com,2026-05-20,suspended
CUST539293,Jie,Zhou,M,1998-11-13,Beijing,14133669769,jie.zhou986@example.com,2018-03-31,active
CUST999904,Xiao,He,M,1984-10-10,Beijing,17958081906,xiao.he408@example.com,2026-05-13,active
CUST496602,Qiang,Hu,M,1967-01-22,Nanjing,15128273716,qiang.hu577@example.com,2026-05-31,active
CUST232871,Yan,Ma,M,1960-11-07,Chengdu,16763311931,yan.ma120@example.com,2024-08-23,active
CUST881411,Xin,Sun,F,1999-03-16,Wuhan,16147012204,xin.sun51@example.com,2026-06-09,active
CUST552811,Bin,Lin,F,1983-10-07,Nanjing,16868329170,bin.lin722@example.com,2026-06-23,active
CUST243670,Tao,He,M,1967-09-09,Shenzhen,14687085150,tao.he318@example.com,2019-08-31,active
CUST158314,Wei,Li,M,1982-02-12,Chengdu,16878578094,wei.li871@example.com,2026-05-27,active
CUST702930,Lei,Zhu,F,1961-10-22,Guangzhou,17448203132,lei.zhu641@example.com,2018-07-17,active
CUST898001,Ran,Huang,M,1996-10-26,Qingdao,17841832181,ran.huang401@example.com,2026-05-23,active
CUST970586,Ning,Yang,F,1966-07-04,Beijing,14305887266,ning.yang46@example.com,2026-05-22,suspended
CUST661455,Hua,Zhao,F,1994-02-28,Nanjing,17406068049,hua.zhao128@example.com,2026-05-13,suspended
CUST910239,Wei,Li,M,1960-06-22,Shenzhen,15430789465,wei.li937@example.com,2026-04-19,active
CUST281561,Tao,He,F,1974-04-05,Wuhan,14712013293,tao.he16@example.com,2026-05-29,active
CUST686540,Ting,Guo,M,1986-02-15,Guangzhou,14904238573,ting.guo111@example.com,2026-05-21,active
CUST946943,Chen,Hu,F,1987-08-14,Nanjing,16762674855,chen.hu611@example.com,2026-05-19,active
CUST531579,Ting,Yang,F,1982-07-20,Nanjing,19532128134,ting.yang974@example.com,2026-05-19,active
CUST456022,Hao,Li,M,1972-10-27,Nanjing,14852587186,hao.li428@example.com,2026-05-28,active
CUST788150,Jun,Wang,F,1979-07-12,Shanghai,15158101070,jun.wang223@example.com,2026-05-18,inactive
CUST105405,Jie,Wu,M,1987-08-06,Wuhan,19469530934,jie.wu592@example.com,2026-05-16,active
CUST789913,Bin,Zheng,M,1969-06-07,Beijing,14315619904,bin.zheng286@example.com,2022-08-07,active
CUST472908,Lan,Gao,M,1974-05-01,Hangzhou,14639637324,lan.gao916@example.com,2026-06-09,active
CUST437454,Xin,Zhu,F,1980-06-02,Guangzhou,18661162719,xin.zhu963@example.com,2026-03-31,active
CUST310191,Qiang,He,F,1973-03-13,Nanjing,16948815524,qiang.he385@example.com,2026-06-03,active
CUST287911,Ning,Zheng,M,1970-11-28,Wuhan,19746158779,ning.zheng280@example.com,2026-05-03,active
CUST822377,Ming,Zhao,M,1988-01-25,Wuhan,15857700751,ming.zhao740@example.com,2026-05-30,suspended
CUST871269,Yan,Li,M,1965-12-09,Guangzhou,15253584036,yan.li580@example.com,2026-05-28,active
CUST964101,Yan,Zhou,F,1981-12-16,Wuhan,17399269857,yan.zhou923@example.com,2026-05-16,active
CUST733682,Ran,Luo,F,1961-03-15,Hangzhou,16238100996,ran.luo333@example.com,2021-12-19,active
CUST143774,Xiao,Wu,F,1968-07-24,Xian,17333812967,xiao.wu895@example.com,2020-03-30,active
CUST438606,Ran,Chen,M,1983-01-23,Qingdao,16644206096,ran.chen402@example.com,2026-06-10,active
CUST196630,Yan,Guo,M,1971-09-03,Nanjing,17828490813,yan.guo481@example.com,2026-06-14,active
CUST906227,Ning,Lin,F,1964-10-26,Wuhan,18875276419,ning.lin110@example.com,2022-05-17,active
CUST739166,Fang,Liu,F,1964-07-26,Shanghai,17801855674,fang.liu681@example.com,2025-01-01,active
CUST788577,Ming,Zhang,F,1982-05-18,Qingdao,17931491004,ming.zhang304@example.com,2026-05-30,active
CUST650056,Jie,Guo,F,1997-08-21,Chengdu,19489206746,jie.guo702@example.com,2026-06-18,active
CUST273873,Xiao,Ma,M,1961-10-04,Nanjing,19221286367,xiao.ma488@example.com,2018-03-02,active
CUST161729,Chen,Guo,F,1982-10-26,Shanghai,14878857431,chen.guo601@example.com,2026-06-18,active
CUST727548,Ran,Zhang,M,1967-11-21,Wuhan,17856664101,ran.zhang672@example.com,2026-05-01,active
CUST677338,Hua,Li,M,1976-11-17,Shenzhen,13854414233,hua.li289@example.com,2018-01-22,active
CUST995259,Bin,Zhang,M,1997-09-17,Shanghai,18208028551,bin.zhang435@example.com,2024-04-15,inactive
CUST359269,Chen,Wu,M,1962-04-12,Guangzhou,14669834737,chen.wu311@example.com,2026-06-03,active
CUST165672,Ran,He,M,1962-06-30,Nanjing,14393473174,ran.he514@example.com,2026-06-20,active
CUST562603,Ting,Wang,M,1983-01-21,Chengdu,17313765769,ting.wang624@example.com,2026-05-12,active
CUST285765,Jie,Wu,F,1997-03-17,Nanjing,19455333316,jie.wu754@example.com,2026-05-23,active
CUST829980,Ming,Lin,F,1981-09-11,Shanghai,19992212884,ming.lin484@example.com,2026-05-08,active
CUST498278,Fang,Zhao,F,1995-07-13,Wuhan,18252551736,fang.zhao871@example.com,2026-06-28,active
CUST728007,Fang,Luo,F,1970-04-05,Beijing,16512599128,fang.luo374@example.com,2019-05-07,active
CUST661783,Ning,Guo,F,1989-06-02,Wuhan,13398535760,ning.guo673@example.com,2026-05-09,active
CUST882243,Long,Gao,M,1967-01-25,Xian,13453065762,long.gao337@example.com,2026-05-23,active
CUST299659,Ning,Chen,M,1966-10-23,Hangzhou,17156118671,ning.chen570@example.com,2022-03-24,active
CUST619318,Chen,Sun,M,1963-04-08,Beijing,19217016979,chen.sun502@example.com,2020-04-23,active
CUST177073,Bin,Ma,F,1988-06-01,Guangzhou,13106764081,bin.ma434@example.com,2019-05-06,suspended
CUST544490,Long,Gao,M,1969-09-20,Guangzhou,19890505149,long.gao717@example.com,2023-09-01,active
CUST315977,Lan,Ma,M,1969-01-16,Chengdu,16716909052,lan.ma932@example.com,2026-05-15,active
CUST859515,Hua,Li,F,1961-09-25,Shanghai,14116538066,hua.li537@example.com,2026-06-20,active
CUST863147,Qiang,Gao,M,1979-02-11,Wuhan,19247303019,qiang.gao279@example.com,2023-04-03,suspended
CUST916913,Ning,Zhu,M,1986-05-10,Xian,17835391996,ning.zhu754@example.com,2026-05-25,active
CUST981067,Tao,Gao,M,1974-09-14,Beijing,14694167395,tao.gao311@example.com,2026-06-09,active
CUST204360,Hao,Ma,F,1982-11-01,Qingdao,15556827859,hao.ma2@example.com,2026-05-07,suspended
CUST800168,Wei,Zhao,M,1993-07-30,Beijing,13723238817,wei.zhao536@example.com,2022-07-02,active
CUST240678,Lei,Zhou,F,1977-05-04,Shanghai,16840299118,lei.zhou624@example.com,2026-05-16,active
CUST782282,Chen,Zhao,F,1996-11-03,Shenzhen,15928725068,chen.zhao799@example.com,2026-05-22,active
CUST640146,Hao,Sun,M,1977-03-26,Shenzhen,17878123611,hao.sun750@example.com,2026-06-20,active
CUST630247,Jie,Liu,F,1986-12-16,Qingdao,15305283949,jie.liu723@example.com,2026-05-14,active
CUST523549,Lei,Wu,F,1972-06-22,Hangzhou,15200113443,lei.wu238@example.com,2026-06-10,active
CUST379366,Tao,Li,F,1994-11-25,Beijing,16353143775,tao.li617@example.com,2026-06-07,active
CUST355625,Yan,Huang,F,1967-02-28,Shenzhen,15238913956,yan.huang625@example.com,2024-08-28,active
CUST557636,Ting,Yang,M,1991-08-10,Shanghai,15994756134,ting.yang680@example.com,2021-09-06,active
CUST664132,Hua,Zheng,F,1965-01-22,Guangzhou,18470945002,hua.zheng944@example.com,2026-05-20,inactive
CUST997591,Wei,Zhang,M,1993-05-02,Wuhan,13842607182,wei.zhang381@example.com,2026-06-02,inactive
CUST777542,Wei,Zheng,F,1978-06-15,Chengdu,17606105990,wei.zheng139@example.com,2026-06-09,suspended
CUST920920,Bin,Zhou,M,1995-05-11,Beijing,19883325110,bin.zhou726@example.com,2026-06-04,active
CUST531936,Fang,Gao,F,1966-02-04,Hangzhou,17937292480,fang.gao769@example.com,2022-11-07,active
CUST348050,Lei,Yang,F,1961-12-25,Chengdu,18304207231,lei.yang350@example.com,2024-09-10,active
CUST662307,Ning,Yang,F,1995-06-10,Xian,17987721831,ning.yang453@example.com,2026-06-29,active
CUST613158,Tao,Wang,F,1967-09-23,Xian,13204735959,tao.wang344@example.com,2020-02-15,active
CUST547072,Xin,Sun,M,1994-06-14,Xian,16458505070,xin.sun683@example.com,2022-09-26,active
CUST436625,Bin,Huang,F,1974-08-27,Nanjing,18684729923,bin.huang144@example.com,2026-05-27,active
CUST959931,Ran,Li,F,1978-08-21,Wuhan,17916162092,ran.li267@example.com,2026-06-12,active
CUST209590,Xiao,Huang,F,1978-07-10,Qingdao,14588561723,xiao.huang346@example.com,2018-06-03,suspended
CUST761568,Jun,Li,M,1986-01-09,Xian,18882742326,jun.li870@example.com,2020-02-01,active
CUST942924,Lan,Yang,F,1971-11-20,Wuhan,19351205530,lan.yang403@example.com,2026-05-19,active
CUST840059,Lei,Li,M,1980-03-04,Shanghai,13561425669,lei.li826@example.com,2026-05-19,inactive
CUST888960,Yan,He,M,1972-05-10,Shenzhen,16359185568,yan.he240@example.com,2021-02-23,active
CUST783870,Fang,Li,M,1970-09-21,Shenzhen,13219557767,fang.li593@example.com,2024-04-12,inactive
CUST505674,Ming,Wu,M,1963-01-14,Hangzhou,14971780773,ming.wu898@example.com,2021-02-07,inactive
CUST362681,Ran,Liu,F,1973-08-23,Guangzhou,14100297839,ran.liu900@example.com,2021-03-14,active
CUST920972,Qiang,Chen,F,1962-10-01,Nanjing,18994049874,qiang.chen245@example.com,2026-06-23,active
CUST103856,Yan,Li,F,2000-02-07,Qingdao,14893899354,yan.li578@example.com,2024-03-14,active
CUST950306,Wei,Sun,M,1993-06-20,Beijing,19674285351,wei.sun837@example.com,2020-10-14,active
CUST715689,Yan,Zhu,M,2000-07-01,Shenzhen,13560641942,yan.zhu766@example.com,2026-06-29,active
CUST322373,Bin,Ma,M,1971-03-09,Chengdu,15676012573,bin.ma848@example.com,2026-05-08,active
CUST619670,Ran,Li,M,1960-12-05,Xian,19887522159,ran.li996@example.com,2026-06-18,active
CUST531995,Xin,Gao,F,1989-02-21,Hangzhou,17993689845,xin.gao771@example.com,2021-10-07,active
CUST178485,Jun,Chen,M,1980-06-14,Qingdao,18602745290,jun.chen587@example.com,2021-09-29,active
CUST873729,Fang,Gao,F,1998-04-30,Qingdao,18756608822,fang.gao95@example.com,2026-05-27,active
CUST470782,Long,Yang,M,1971-03-31,Chengdu,13348009234,long.yang440@example.com,2026-06-17,inactive
CUST577889,Jie,Luo,M,1982-03-29,Nanjing,16658319606,jie.luo114@example.com,2026-06-03,active
CUST607593,Xin,Liu,M,1976-07-04,Xian,14276806481,xin.liu754@example.com,2026-06-14,active
CUST871781,Fang,Zhang,M,1998-09-05,Guangzhou,17934389698,fang.zhang230@example.com,2026-06-14,active
CUST485837,Hao,Gao,F,1995-11-20,Hangzhou,14121686972,hao.gao71@example.com,2026-06-24,active
CUST533006,Hua,Zhou,M,1988-12-04,Chengdu,16584558316,hua.zhou453@example.com,2026-05-06,active
CUST605948,Lan,Luo,F,1972-06-30,Guangzhou,15951093762,lan.luo154@example.com,2026-06-03,active
CUST918084,Jun,Luo,M,1992-01-18,Chengdu,19363945233,jun.luo63@example.com,2026-05-12,inactive
CUST335219,Hua,Li,M,1989-04-20,Chengdu,15947680524,hua.li520@example.com,2026-05-16,active
CUST132930,Xin,Lin,F,1962-02-19,Xian,18458398509,xin.lin771@example.com,2026-06-06,active
CUST923960,Qiang,Sun,F,1993-05-19,Xian,19355488463,qiang.sun970@example.com,2026-05-02,active
CUST148168,Long,He,F,1969-02-13,Hangzhou,16443123394,long.he196@example.com,2026-06-09,active
CUST287678,Fang,Wang,M,1996-01-16,Beijing,15710337440,fang.wang448@example.com,2026-06-18,active
CUST794326,Ting,Chen,M,1978-09-27,Chengdu,17318992087,ting.chen134@example.com,2026-06-28,active
CUST931729,Xin,Zhang,F,1960-01-17,Chengdu,14370117363,xin.zhang504@example.com,2020-07-06,active
CUST371161,Jie,Sun,F,1968-11-25,Hangzhou,15189180263,jie.sun89@example.com,2023-07-04,inactive
CUST958809,Ran,Ma,F,1995-01-01,Shanghai,14539913835,ran.ma645@example.com,2026-04-28,active
CUST913614,Yan,Chen,M,1973-11-28,Beijing,17563348303,yan.chen293@example.com,2018-10-25,active
CUST526515,Fang,Zhou,M,1985-08-24,Shenzhen,14272730285,fang.zhou504@example.com,2026-05-28,active
CUST143460,Bin,Yang,M,1963-10-12,Chengdu,14922011265,bin.yang104@example.com,2026-05-08,inactive
CUST207299,Long,Yang,M,1968-05-01,Xian,18867056843,long.yang934@example.com,2026-05-01,active
CUST880618,Fang,Yang,M,1985-01-29,Guangzhou,19459400808,fang.yang18@example.com,2026-06-26,active
CUST237033,Tao,Li,M,1960-01-26,Xian,15578732632,tao.li235@example.com,2026-06-22,suspended
CUST727471,Long,He,M,1989-02-15,Shenzhen,17939268988,long.he809@example.com,2024-05-17,active
CUST745819,Fang,Wang,F,1968-05-13,Beijing,14161693105,fang.wang384@example.com,2026-02-16,suspended
CUST413629,Xiao,Sun,F,1978-12-05,Qingdao,13840239838,xiao.sun275@example.com,2026-05-06,active
CUST317084,Xiao,Zhou,M,1989-09-11,Beijing,14510974803,xiao.zhou174@example.com,2026-06-08,active
CUST311581,Tao,Wang,M,1972-06-24,Guangzhou,13243910612,tao.wang737@example.com,2024-09-02,suspended
CUST964400,Ran,Gao,F,1980-02-01,Beijing,19695290608,ran.gao546@example.com,2023-01-15,active
CUST818425,Xin,Zheng,M,1989-12-28,Xian,13865288054,xin.zheng967@example.com,2026-06-12,active
CUST670450,Lei,Gao,M,1963-12-02,Shanghai,17997453507,lei.gao67@example.com,2026-06-24,active
CUST152287,Fang,Sun,F,1977-10-04,Nanjing,14480906921,fang.sun833@example.com,2018-02-16,active
CUST791088,Ming,Yang,F,1996-11-05,Qingdao,19397090002,ming.yang417@example.com,2026-06-01,active
CUST647883,Jun,Luo,M,1985-03-01,Shanghai,18584733787,jun.luo7@example.com,2026-03-29,active
CUST475736,Chen,Zhu,M,1992-10-12,Wuhan,18533798344,chen.zhu551@example.com,2019-08-02,active
CUST651796,Hao,Sun,F,1987-11-01,Hangzhou,13848712394,hao.sun422@example.com,2026-06-25,inactive
CUST741259,Bin,Huang,M,1981-06-24,Shenzhen,18250734499,bin.huang961@example.com,2026-05-13,inactive
CUST784089,Xin,Zhou,M,1963-03-31,Wuhan,13291486725,xin.zhou777@example.com,2026-06-17,active
CUST761800,Lan,Liu,M,1964-03-25,Qingdao,13259557425,lan.liu273@example.com,2026-06-04,active
CUST904540,Hao,Zhang,M,1987-10-16,Nanjing,19782929285,hao.zhang873@example.com,2025-08-02,active
CUST843242,Ting,Lin,M,1990-11-03,Qingdao,13981893694,ting.lin285@example.com,2026-05-26,active
CUST135674,Tao,Wang,F,1965-09-25,Beijing,15510784159,tao.wang571@example.com,2026-05-26,active
CUST707599,Lei,Gao,F,1987-01-17,Chengdu,17803820013,lei.gao884@example.com,2026-05-02,active
CUST403089,Ning,Li,F,1993-01-15,Hangzhou,16164958036,ning.li922@example.com,2026-06-15,active
CUST478788,Xin,Huang,M,1973-10-14,Xian,19392120675,xin.huang396@example.com,2026-05-09,active
CUST817964,Tao,Ma,F,1984-05-19,Shanghai,13695348845,tao.ma694@example.com,2026-05-23,inactive
CUST697598,Ran,Zheng,M,1980-12-27,Wuhan,17169569008,ran.zheng597@example.com,2026-05-17,active
CUST335777,Xiao,He,M,1993-09-05,Beijing,18926713987,xiao.he29@example.com,2025-04-27,active
CUST460702,Ran,Zhang,F,1965-06-07,Shenzhen,13157373442,ran.zhang464@example.com,2026-06-04,active
CUST274161,Qiang,Wang,M,1976-10-25,Qingdao,16648004327,qiang.wang125@example.com,2025-08-06,active
CUST680929,Wei,Li,M,1972-04-04,Beijing,15623898254,wei.li469@example.com,2026-05-31,active
CUST420013,Ting,Zheng,M,1990-06-22,Shanghai,14865451751,ting.zheng442@example.com,2026-06-18,active
CUST257488,Yan,Luo,F,1960-08-04,Hangzhou,18486685314,yan.luo329@example.com,2026-05-26,active
CUST333276,Ming,Lin,F,1961-10-26,Guangzhou,19571761607,ming.lin3@example.com,2021-04-11,active
CUST170104,Jie,Guo,M,1979-11-14,Xian,13603375760,jie.guo256@example.com,2026-05-03,active
CUST121137,Tao,Zhao,M,1989-03-28,Xian,16502450796,tao.zhao482@example.com,2026-05-05,active
CUST348547,Ran,Zheng,M,1983-09-05,Shanghai,17399073490,ran.zheng616@example.com,2026-06-05,suspended
CUST605322,Lei,Ma,F,1993-02-21,Nanjing,19905281872,lei.ma119@example.com,2026-05-21,active
CUST914038,Xin,Zhou,M,1961-02-13,Guangzhou,19867031615,xin.zhou985@example.com,2023-04-11,active
CUST636984,Long,Zheng,F,1976-01-21,Qingdao,19946090700,long.zheng57@example.com,2026-05-13,active
CUST927631,Jie,Zhou,M,1975-09-28,Shenzhen,18617539507,jie.zhou704@example.com,2026-05-15,active
CUST607313,Qiang,Zheng,F,1987-07-31,Qingdao,19905544171,qiang.zheng830@example.com,2026-06-18,active
CUST930397,Lan,Wu,M,1965-08-08,Shenzhen,19816604133,lan.wu647@example.com,2026-06-19,active
CUST692512,Qiang,Gao,M,2000-01-27,Wuhan,18965650066,qiang.gao671@example.com,2026-05-08,active
CUST903372,Long,Liu,M,1981-12-17,Beijing,18645631126,long.liu720@example.com,2026-06-17,active
CUST579136,Wei,Wu,M,1971-05-23,Guangzhou,14771714063,wei.wu696@example.com,2026-05-23,active
CUST811725,Bin,Liu,F,1978-08-08,Shenzhen,13481305345,bin.liu593@example.com,2026-05-20,active
CUST999917,Ting,Luo,F,1982-02-22,Wuhan,15163487081,ting.luo341@example.com,2022-08-11,active
CUST683163,Long,Lin,F,1961-10-06,Beijing,17188800075,long.lin130@example.com,2026-05-11,inactive
CUST567463,Hao,Zhu,F,1984-05-13,Hangzhou,15308175052,hao.zhu688@example.com,2026-06-18,active
CUST842953,Xiao,Huang,M,1969-07-27,Hangzhou,13675688889,xiao.huang648@example.com,2026-06-10,active
CUST437154,Bin,Sun,F,1967-12-19,Qingdao,14344101885,bin.sun956@example.com,2025-11-03,active
CUST725335,Wei,Li,M,1985-01-04,Hangzhou,16916199159,wei.li877@example.com,2026-05-06,active
CUST434618,Ran,Chen,M,1991-09-25,Hangzhou,14328082223,ran.chen897@example.com,2026-05-03,active
CUST712270,Wei,Zhou,M,1988-03-13,Nanjing,15870902974,wei.zhou724@example.com,2022-04-04,active
CUST790493,Ning,Gao,M,1967-09-24,Qingdao,19108275455,ning.gao103@example.com,2021-04-09,active
CUST548960,Ming,Sun,F,1982-10-14,Beijing,14365633180,ming.sun497@example.com,2026-06-08,active
CUST836854,Jun,Hu,M,1970-08-15,Xian,19235896578,jun.hu495@example.com,2023-04-27,active
CUST898185,Fang,Hu,F,1989-04-10,Wuhan,13529286071,fang.hu336@example.com,2026-06-11,suspended
CUST803449,Lan,Yang,F,1960-03-18,Qingdao,17840207619,lan.yang398@example.com,2026-06-25,active
CUST280765,Jun,Chen,F,1995-02-06,Guangzhou,16238742830,jun.chen375@example.com,2024-12-15,active
CUST154530,Ning,Li,F,1991-08-09,Qingdao,14511444005,ning.li316@example.com,2021-01-03,active
CUST402281,Lei,Ma,M,1968-07-04,Guangzhou,14566410446,lei.ma905@example.com,2019-02-12,active
CUST195892,Jie,He,F,1997-12-02,Xian,14191634261,jie.he908@example.com,2026-06-30,active
CUST258454,Bin,Chen,F,1982-04-28,Beijing,17564707326,bin.chen750@example.com,2026-06-18,active
CUST835177,Bin,Ma,F,1985-01-21,Shenzhen,15926330031,bin.ma765@example.com,2026-05-14,active
CUST976221,Ning,Lin,M,1986-03-12,Hangzhou,13555874932,ning.lin138@example.com,2019-11-16,active
CUST576822,Ting,Lin,M,1998-07-29,Chengdu,15442617466,ting.lin985@example.com,2026-06-30,active
CUST832384,Yan,Hu,F,1989-12-15,Wuhan,14478290866,yan.hu415@example.com,2020-01-23,active
CUST770606,Tao,Wang,M,1991-07-09,Qingdao,18514381033,tao.wang927@example.com,2024-12-24,active
CUST178490,Fang,Hu,M,1983-08-28,Hangzhou,17266015324,fang.hu676@example.com,2019-04-23,active
CUST921186,Long,Zheng,F,1981-10-08,Wuhan,15400581924,long.zheng504@example.com,2026-05-08,active
CUST477396,Bin,Wu,M,1975-09-20,Shenzhen,14373742006,bin.wu398@example.com,2022-02-03,suspended
CUST568042,Bin,Li,M,1960-11-26,Guangzhou,17318036366,bin.li396@example.com,2026-05-04,active
CUST564425,Lan,He,M,1976-08-05,Qingdao,16736425204,lan.he134@example.com,2026-03-31,active
CUST182041,Lan,Sun,F,1972-07-17,Shenzhen,19542610503,lan.sun501@example.com,2026-06-25,active
CUST747783,Ran,Yang,F,1962-11-17,Shenzhen,13154924709,ran.yang987@example.com,2026-05-15,active
CUST422500,Hao,Luo,F,1991-07-09,Beijing,19229906167,hao.luo373@example.com,2026-06-08,active
CUST247810,Fang,Ma,M,1992-09-24,Qingdao,14515296894,fang.ma754@example.com,2024-01-07,active
CUST971780,Fang,Zhou,F,1964-12-16,Guangzhou,17226345647,fang.zhou594@example.com,2026-05-21,active
CUST889896,Xin,Huang,F,1976-01-12,Xian,19517975081,xin.huang575@example.com,2026-06-12,inactive
CUST546024,Xiao,Wang,M,1995-12-17,Hangzhou,18798240217,xiao.wang546@example.com,2026-05-20,active
CUST417956,Jie,Wu,M,1995-09-29,Qingdao,13580968152,jie.wu338@example.com,2026-05-04,inactive
CUST919738,Yan,Zhang,F,1985-11-01,Guangzhou,15217646492,yan.zhang618@example.com,2026-06-30,inactive
CUST365578,Lei,Wu,M,1968-08-11,Xian,18648554888,lei.wu818@example.com,2025-11-02,inactive
CUST659268,Jie,Zhou,M,1994-03-01,Shanghai,16656241732,jie.zhou363@example.com,2026-06-02,active
CUST405457,Long,Lin,M,1978-09-30,Shenzhen,19844323206,long.lin904@example.com,2026-06-30,active
CUST796189,Lei,Guo,F,1990-04-03,Chengdu,14648961322,lei.guo170@example.com,2026-06-06,active
CUST949266,Xiao,Ma,M,1964-01-05,Chengdu,19638123352,xiao.ma536@example.com,2026-05-26,active
CUST629170,Qiang,Zhang,F,1978-01-04,Beijing,19904760443,qiang.zhang234@example.com,2026-06-21,suspended
CUST247286,Ning,He,M,1997-04-21,Guangzhou,19970910683,ning.he286@example.com,2021-07-25,active
CUST903783,Fang,Huang,F,1975-04-25,Qingdao,14837098776,fang.huang147@example.com,2026-06-03,inactive
CUST173909,Qiang,Zhou,F,1979-09-05,Guangzhou,16333535167,qiang.zhou604@example.com,2026-06-07,active
CUST499836,Hua,Wang,F,1980-04-15,Chengdu,13218703572,hua.wang607@example.com,2026-05-25,active
CUST936554,Jie,Zhang,F,1970-07-08,Beijing,17413049582,jie.zhang124@example.com,2026-06-21,active
CUST292102,Ting,Chen,F,1963-07-26,Shenzhen,15709344381,ting.chen529@example.com,2026-06-07,active
CUST440299,Jie,Huang,F,1985-06-01,Shenzhen,15425776103,jie.huang533@example.com,2022-08-11,active
CUST915744,Chen,Yang,M,1998-12-10,Guangzhou,14846358091,chen.yang857@example.com,2018-05-30,active
CUST977105,Xin,Luo,F,1974-09-10,Guangzhou,15944668493,xin.luo426@example.com,2026-05-13,active
CUST131265,Ran,Huang,F,1986-06-17,Shenzhen,18112077880,ran.huang280@example.com,2026-05-11,inactive
CUST960432,Lei,Luo,F,1981-01-31,Shanghai,13507548871,lei.luo819@example.com,2026-06-11,active
CUST914311,Chen,Liu,F,1989-08-18,Hangzhou,16197346116,chen.liu205@example.com,2024-02-11,active
CUST369623,Qiang,Zhao,F,1989-05-14,Xian,17721004865,qiang.zhao62@example.com,2021-08-31,active
CUST917661,Yan,Zheng,M,1966-08-11,Beijing,14535308364,yan.zheng720@example.com,2026-05-24,active
CUST991819,Ming,Chen,F,1974-04-14,Chengdu,14292791154,ming.chen845@example.com,2019-06-09,inactive
CUST835345,Ming,Zhang,M,1997-11-19,Shanghai,18896490324,ming.zhang694@example.com,2026-05-08,active
CUST952106,Qiang,Zhang,F,1961-10-09,Beijing,19121046398,qiang.zhang747@example.com,2022-10-07,active
CUST445503,Hua,Zhu,M,1988-06-27,Hangzhou,14349429102,hua.zhu99@example.com,2026-05-27,active
CUST817622,Lan,Yang,M,1986-03-16,Nanjing,19223922442,lan.yang279@example.com,2026-05-24,inactive
CUST523870,Jie,Luo,F,1995-11-08,Qingdao,19287275511,jie.luo269@example.com,2026-06-17,active
CUST792180,Fang,Zhou,M,1994-05-13,Xian,18269788468,fang.zhou387@example.com,2026-05-13,active
CUST949175,Hao,Zhou,F,1987-07-15,Xian,15952492338,hao.zhou778@example.com,2026-04-13,active
CUST710311,Jie,Liu,M,1986-12-31,Shanghai,17307297709,jie.liu161@example.com,2026-06-21,suspended
CUST500372,Ting,Sun,M,1997-12-15,Shanghai,13441088923,ting.sun551@example.com,2026-06-03,inactive
CUST920826,Lan,Gao,F,1981-06-22,Beijing,17983927188,lan.gao98@example.com,2026-06-28,active
CUST580148,Hua,Li,M,1982-07-11,Beijing,19556961061,hua.li964@example.com,2020-08-04,active
CUST688991,Hao,Zhou,F,1962-06-27,Guangzhou,15871821052,hao.zhou555@example.com,2026-06-20,active
CUST665117,Qiang,Sun,F,1983-04-02,Xian,16823543005,qiang.sun536@example.com,2020-03-03,inactive
CUST647010,Tao,Wang,M,1991-02-13,Hangzhou,18607541655,tao.wang242@example.com,2026-02-15,active
CUST138511,Lei,Luo,M,1983-06-18,Chengdu,16295809537,lei.luo32@example.com,2026-06-16,active
CUST108191,Fang,Zheng,F,1999-02-04,Wuhan,13140793820,fang.zheng475@example.com,2026-05-21,active
CUST647845,Tao,Hu,F,1972-11-02,Beijing,14577787698,tao.hu714@example.com,2026-05-10,active
CUST489116,Chen,Zhu,F,1972-02-21,Nanjing,13274584636,chen.zhu647@example.com,2026-05-24,active
CUST230700,Ting,Ma,M,1968-09-21,Hangzhou,18422471023,ting.ma730@example.com,2026-06-06,active
CUST659047,Fang,Zhang,M,1999-07-15,Chengdu,18374514112,fang.zhang643@example.com,2022-07-08,active
CUST110794,Wei,Guo,F,1982-02-25,Qingdao,14889216764,wei.guo484@example.com,2026-06-09,inactive
CUST726539,Jie,Liu,M,1978-08-24,Shanghai,13689776832,jie.liu100@example.com,2019-04-24,inactive
CUST984365,Qiang,Zhang,F,1969-08-31,Wuhan,15655953714,qiang.zhang857@example.com,2026-05-28,active
CUST117777,Xiao,Guo,F,1969-11-23,Shenzhen,15615041708,xiao.guo611@example.com,2026-05-13,active
CUST534453,Ran,Chen,M,1984-09-01,Guangzhou,18990122494,ran.chen370@example.com,2026-05-29,active
CUST503820,Bin,Luo,F,1971-01-24,Shenzhen,18927164288,bin.luo892@example.com,2026-06-08,inactive
CUST922906,Xiao,Guo,M,1986-04-21,Nanjing,16288682023,xiao.guo80@example.com,2026-06-22,inactive
CUST789139,Qiang,Zhou,M,1973-10-16,Guangzhou,14500002888,qiang.zhou922@example.com,2026-05-18,active
CUST643753,Xin,Yang,F,1961-05-22,Hangzhou,14916128201,xin.yang194@example.com,2026-05-18,active
CUST435575,Ting,Zhou,M,1977-01-13,Shenzhen,13277367180,ting.zhou52@example.com,2026-05-17,active
CUST242699,Ran,Ma,F,1968-07-31,Nanjing,19825211008,ran.ma673@example.com,2026-06-30,inactive
CUST727546,Qiang,Hu,F,1983-09-15,Hangzhou,15381980933,qiang.hu644@example.com,2026-05-03,active
CUST941901,Jie,Wang,F,1970-04-29,Qingdao,15292185621,jie.wang25@example.com,2026-06-12,active
CUST595530,Ming,Hu,M,1975-09-16,Hangzhou,13197312546,ming.hu896@example.com,2026-05-07,active
CUST117187,Chen,Li,M,1994-07-15,Qingdao,16730209880,chen.li484@example.com,2026-05-20,inactive
CUST820476,Xiao,Liu,M,1991-06-25,Nanjing,14851118303,xiao.liu15@example.com,2026-06-02,active
CUST672694,Ning,Lin,M,1969-11-06,Shenzhen,17743923552,ning.lin197@example.com,2026-05-03,active
CUST396637,Xin,Huang,F,1981-05-18,Wuhan,16889892817,xin.huang713@example.com,2026-06-22,active
CUST414734,Ning,Li,F,1977-10-05,Hangzhou,17623950378,ning.li659@example.com,2026-06-22,inactive
CUST975039,Tao,He,F,1964-05-22,Shanghai,19779608269,tao.he926@example.com,2026-05-16,active
CUST802769,Jun,Guo,M,1964-06-08,Xian,16514140938,jun.guo843@example.com,2020-10-08,active
CUST942469,Ran,Ma,F,1970-06-26,Guangzhou,15986469329,ran.ma694@example.com,2023-06-03,active
CUST503201,Chen,Zhao,F,1973-12-01,Nanjing,16821721883,chen.zhao33@example.com,2026-05-09,active
CUST447160,Long,Luo,F,1979-02-21,Guangzhou,16626042073,long.luo475@example.com,2026-05-28,active
CUST645522,Tao,Guo,F,1987-10-24,Beijing,16326583151,tao.guo943@example.com,2018-05-30,active
CUST289622,Jun,Zhao,F,1965-11-05,Wuhan,19359189590,jun.zhao986@example.com,2026-05-25,inactive
CUST834516,Yan,Liu,F,2000-09-09,Beijing,13917209346,yan.liu542@example.com,2026-05-13,active
CUST487036,Xin,Ma,M,1962-09-04,Shenzhen,16185645826,xin.ma511@example.com,2020-07-14,active
CUST281967,Ran,Yang,M,1973-12-13,Nanjing,18546053631,ran.yang747@example.com,2026-06-30,active
CUST869142,Yan,Lin,F,1979-06-23,Guangzhou,14907301455,yan.lin856@example.com,2026-06-28,active
CUST406910,Long,Wu,M,1965-10-13,Beijing,14911019688,long.wu610@example.com,2020-10-13,active
CUST758994,Hua,Chen,F,1990-07-24,Shenzhen,15786521282,hua.chen919@example.com,2026-03-19,active
CUST500802,Yan,Yang,F,1989-02-03,Xian,14445697451,yan.yang266@example.com,2026-06-15,active
CUST977866,Tao,Zhou,F,1962-07-01,Wuhan,17455857253,tao.zhou137@example.com,2026-05-06,active
CUST734640,Jie,Zhao,F,1968-08-22,Xian,16474831651,jie.zhao610@example.com,2026-05-11,active
CUST953584,Wei,Zhou,F,1991-02-11,Beijing,14161672414,wei.zhou447@example.com,2020-12-01,inactive
CUST236092,Ning,Hu,M,1988-06-07,Chengdu,18287268449,ning.hu712@example.com,2021-12-22,active
CUST971441,Xin,Zhou,M,1996-11-13,Beijing,15688486600,xin.zhou840@example.com,2026-05-13,active
CUST552212,Lan,Yang,F,1964-04-23,Shanghai,16491848404,lan.yang366@example.com,2026-05-24,inactive
CUST989764,Xin,Yang,F,1983-08-25,Hangzhou,14713291852,xin.yang725@example.com,2026-05-30,active
CUST691060,Hao,Zhao,F,1993-11-23,Beijing,18479170681,hao.zhao711@example.com,2026-05-08,active
CUST830515,Qiang,Hu,M,1998-08-02,Qingdao,19762332931,qiang.hu611@example.com,2018-10-17,inactive
CUST998853,Jun,Luo,M,2000-06-21,Nanjing,14568889066,jun.luo352@example.com,2026-06-10,active
CUST726543,Long,Huang,F,1996-01-01,Hangzhou,15542929761,long.huang403@example.com,2026-05-25,active
CUST671636,Jun,Sun,F,1983-07-22,Xian,14621755843,jun.sun121@example.com,2020-11-09,active
CUST460348,Yan,Yang,M,1989-05-07,Guangzhou,15333909239,yan.yang473@example.com,2026-06-17,inactive
CUST100935,Yan,Lin,M,1990-07-12,Shenzhen,14260507030,yan.lin590@example.com,2025-07-01,active
CUST940478,Jun,Zhang,F,1968-09-25,Guangzhou,19371050373,jun.zhang3@example.com,2026-06-08,active
CUST130043,Tao,Yang,F,1997-09-13,Shanghai,15609653484,tao.yang860@example.com,2026-06-04,active
CUST347478,Qiang,Yang,M,1982-12-19,Shanghai,19563893934,qiang.yang928@example.com,2026-05-02,inactive
CUST486989,Long,Sun,M,1963-07-26,Hangzhou,17118007429,long.sun431@example.com,2026-06-16,active
CUST412659,Lan,Zhou,M,1998-07-02,Hangzhou,17144321882,lan.zhou575@example.com,2026-06-15,active
CUST356509,Xin,Hu,F,1983-02-18,Shenzhen,13497575709,xin.hu425@example.com,2026-06-21,active
CUST117971,Bin,Huang,M,1988-03-03,Beijing,13150239135,bin.huang420@example.com,2026-05-01,active
CUST972084,Jun,Gao,M,1966-11-22,Shanghai,18526767353,jun.gao139@example.com,2026-06-29,active
CUST696702,Lan,Guo,F,1997-09-20,Guangzhou,14491950318,lan.guo200@example.com,2020-06-26,active
CUST141793,Ting,He,F,2000-07-31,Hangzhou,15232319150,ting.he843@example.com,2018-06-01,active
CUST126828,Hao,Li,M,1980-10-07,Shanghai,16515516657,hao.li592@example.com,2026-05-15,active
CUST490027,Xin,Li,F,1988-08-21,Beijing,19114332386,xin.li427@example.com,2026-06-13,active
CUST328850,Ning,Zhao,M,1992-08-17,Hangzhou,14627879045,ning.zhao300@example.com,2026-05-20,active
CUST978458,Fang,Li,M,1997-03-18,Wuhan,18169555192,fang.li115@example.com,2026-06-16,active
CUST142511,Jie,Luo,M,1995-11-05,Qingdao,16999073950,jie.luo126@example.com,2026-05-26,active
CUST671266,Bin,Yang,F,1972-11-29,Shenzhen,15678960876,bin.yang916@example.com,2026-06-27,active
CUST202991,Lei,Chen,F,1980-07-23,Guangzhou,15418955283,lei.chen161@example.com,2018-05-24,active
CUST704578,Long,Gao,M,1974-02-06,Hangzhou,17553893122,long.gao692@example.com,2026-06-24,active
CUST558186,Jie,Gao,M,1967-05-22,Xian,13388827167,jie.gao387@example.com,2026-05-04,inactive
CUST281295,Hua,Lin,F,1978-11-07,Wuhan,19977756692,hua.lin887@example.com,2026-06-29,inactive
CUST968853,Hua,Sun,M,1994-09-10,Qingdao,16439270958,hua.sun776@example.com,2026-05-04,active
CUST724974,Yan,Zheng,M,1972-12-07,Xian,19234458907,yan.zheng300@example.com,2026-06-06,active
CUST487786,Bin,Yang,M,1999-12-30,Chengdu,17425856023,bin.yang107@example.com,2026-05-28,active
CUST832542,Qiang,Gao,F,1973-09-14,Shenzhen,13759508551,qiang.gao473@example.com,2020-03-13,active
CUST586652,Qiang,He,M,1967-12-21,Shanghai,16718359058,qiang.he657@example.com,2018-04-01,active
CUST883067,Qiang,Zhao,M,1970-05-03,Xian,15242099252,qiang.zhao705@example.com,2026-06-05,active
CUST458307,Yan,Lin,F,1986-04-25,Hangzhou,17345207143,yan.lin863@example.com,2026-05-19,suspended
CUST582415,Ran,Gao,M,1965-03-30,Chengdu,19495017680,ran.gao704@example.com,2020-03-16,active
CUST385356,Long,Chen,M,1976-07-31,Hangzhou,14254997088,long.chen286@example.com,2026-06-05,active
CUST982583,Jie,He,F,1981-12-06,Qingdao,16735383219,jie.he575@example.com,2022-10-10,active
CUST365643,Long,Zhang,M,2000-06-22,Xian,14948302410,long.zhang511@example.com,2024-02-19,active
CUST342313,Ting,Li,F,1995-10-18,Qingdao,19729734535,ting.li133@example.com,2026-05-09,suspended
CUST808279,Bin,Hu,M,1978-06-24,Chengdu,17358471166,bin.hu796@example.com,2026-06-17,active
CUST272808,Xin,Gao,F,1966-08-28,Beijing,15572079879,xin.gao320@example.com,2021-10-04,suspended
CUST951080,Xiao,Zhou,F,1979-09-22,Shenzhen,13831911825,xiao.zhou50@example.com,2021-10-14,active
CUST370664,Tao,Lin,F,1965-09-13,Hangzhou,16785635235,tao.lin429@example.com,2026-05-01,active
CUST919172,Lan,Zhou,M,1975-12-11,Shanghai,16187903672,lan.zhou114@example.com,2026-05-21,active
CUST607883,Wei,Chen,F,1991-03-29,Qingdao,13997926442,wei.chen472@example.com,2026-05-14,inactive
CUST907847,Hao,Sun,M,1989-02-24,Hangzhou,15353927539,hao.sun398@example.com,2026-06-16,active
CUST791171,Bin,Wang,F,1999-12-29,Shanghai,13894042006,bin.wang234@example.com,2026-05-03,active
CUST505180,Yan,He,F,1986-06-06,Guangzhou,18592841095,yan.he648@example.com,2026-05-11,active
CUST269485,Lan,Liu,M,1995-10-25,Xian,18627482978,lan.liu337@example.com,2026-06-25,active
CUST185281,Ting,Gao,M,1969-11-16,Shenzhen,17611540770,ting.gao466@example.com,2026-05-21,active
CUST346945,Xin,Gao,F,1993-01-12,Wuhan,16890871926,xin.gao845@example.com,2026-06-26,inactive
CUST677303,Ning,Lin,F,1982-09-16,Guangzhou,19862687694,ning.lin15@example.com,2026-02-11,active
CUST995909,Jie,Lin,F,1984-07-06,Xian,16312984897,jie.lin437@example.com,2026-05-14,active
CUST196841,Bin,Huang,M,1984-10-06,Nanjing,14106301599,bin.huang943@example.com,2020-09-06,active
CUST586542,Xiao,Gao,F,1972-09-19,Shenzhen,19925235675,xiao.gao875@example.com,2026-06-20,inactive
CUST337461,Qiang,Guo,M,1993-12-18,Beijing,17118460325,qiang.guo406@example.com,2026-05-20,active
CUST422673,Jun,Yang,F,1968-10-28,Shanghai,13440403674,jun.yang554@example.com,2026-06-19,active
CUST777209,Jie,He,F,1960-05-12,Beijing,15674961977,jie.he29@example.com,2026-06-14,active
CUST513312,Tao,Wang,M,1962-05-24,Chengdu,14540532549,tao.wang230@example.com,2026-06-16,active
CUST917967,Lei,Sun,F,1985-09-18,Nanjing,14961751041,lei.sun627@example.com,2023-11-26,active
CUST904909,Lei,Guo,M,1988-05-27,Hangzhou,18659342410,lei.guo634@example.com,2018-08-13,active
CUST563956,Xiao,Hu,F,1989-01-07,Hangzhou,18386706485,xiao.hu668@example.com,2026-05-29,inactive
CUST692108,Lei,Sun,F,1976-02-11,Wuhan,14604661031,lei.sun910@example.com,2026-06-30,active
CUST277142,Tao,Guo,M,2000-01-09,Guangzhou,19833308728,tao.guo839@example.com,2026-06-19,active
CUST360197,Chen,Wang,F,1998-03-21,Chengdu,15506462169,chen.wang472@example.com,2026-05-26,active
CUST352136,Jun,Zhou,M,1977-05-05,Guangzhou,14429154116,jun.zhou672@example.com,2019-12-13,active
CUST458553,Ning,Yang,M,1964-12-15,Nanjing,16712522483,ning.yang80@example.com,2026-05-04,active
CUST487116,Hao,Ma,F,1994-05-18,Chengdu,14994501929,hao.ma591@example.com,2026-06-14,inactive
CUST459806,Wei,Luo,M,1969-05-26,Xian,16149355100,wei.luo404@example.com,2021-12-04,active
CUST381503,Ning,Ma,F,1983-12-18,Shanghai,18839875964,ning.ma638@example.com,2026-06-06,suspended
CUST332683,Bin,Wang,F,1961-02-03,Wuhan,17280275092,bin.wang992@example.com,2019-03-21,active
CUST871948,Ran,Zhu,F,1978-12-10,Guangzhou,14860051405,ran.zhu420@example.com,2026-05-02,active
CUST269002,Tao,He,F,1973-09-10,Beijing,15187038105,tao.he842@example.com,2026-06-22,active
CUST948215,Ming,Lin,M,1985-02-12,Xian,14294829492,ming.lin720@example.com,2026-06-05,active
CUST999522,Fang,He,M,1988-10-10,Guangzhou,13594703235,fang.he639@example.com,2026-06-24,active
CUST771363,Bin,He,M,1992-12-16,Wuhan,18316415772,bin.he874@example.com,2026-06-23,active
CUST870024,Xiao,Guo,F,1966-04-29,Chengdu,13490242530,xiao.guo541@example.com,2026-06-03,inactive
CUST131540,Ran,Gao,F,1991-09-18,Shanghai,19141953641,ran.gao614@example.com,2023-08-28,active
CUST415730,Ting,Sun,F,1967-09-09,Shanghai,19684404611,ting.sun284@example.com,2026-05-23,active
CUST372649,Ran,Luo,M,1960-07-05,Guangzhou,15900936229,ran.luo904@example.com,2026-05-06,active
CUST650844,Fang,Zhu,M,1999-05-11,Nanjing,17581396538,fang.zhu851@example.com,2025-08-08,active
CUST220610,Tao,Guo,M,1979-11-04,Hangzhou,17208912614,tao.guo42@example.com,2026-03-27,active
CUST467064,Wei,Sun,F,1983-11-14,Beijing,15742822445,wei.sun22@example.com,2026-05-01,active
CUST264060,Wei,Zhao,M,1972-07-09,Hangzhou,18436768136,wei.zhao30@example.com,2026-05-05,active
CUST273702,Fang,Zhu,F,1970-07-29,Guangzhou,17314518615,fang.zhu113@example.com,2026-06-24,active
CUST603733,Jun,Guo,F,1967-03-04,Shanghai,18112052258,jun.guo532@example.com,2026-05-09,active
CUST346828,Jie,Wang,M,1975-04-05,Shanghai,19767047003,jie.wang81@example.com,2026-06-24,active
CUST801275,Chen,Wang,M,1981-04-08,Guangzhou,13536153637,chen.wang540@example.com,2022-03-30,active
CUST271979,Fang,Wu,M,1985-09-30,Hangzhou,13736546837,fang.wu744@example.com,2024-10-11,active
CUST904427,Xin,Lin,M,1992-04-05,Wuhan,17896813260,xin.lin933@example.com,2026-05-13,inactive
CUST992533,Jie,Chen,F,1983-05-30,Nanjing,13216010906,jie.chen711@example.com,2025-01-15,active
CUST598745,Long,He,M,1994-05-07,Qingdao,14651478013,long.he768@example.com,2025-02-25,active
CUST647848,Fang,Li,F,1977-08-26,Hangzhou,14485810899,fang.li483@example.com,2026-06-06,inactive
CUST891932,Tao,Chen,M,1990-02-04,Guangzhou,17595842346,tao.chen360@example.com,2026-06-04,active
CUST201157,Qiang,He,F,1969-10-25,Beijing,13535610428,qiang.he914@example.com,2024-11-23,active
CUST699675,Chen,Zheng,M,1989-07-24,Hangzhou,18387134706,chen.zheng169@example.com,2022-04-18,active
CUST480779,Xin,Wang,F,1997-02-28,Guangzhou,15732703586,xin.wang619@example.com,2020-02-21,active
CUST830205,Qiang,Luo,F,1992-03-05,Wuhan,19954855736,qiang.luo287@example.com,2026-06-04,active
CUST849692,Xiao,Wu,F,1987-12-26,Nanjing,13568852810,xiao.wu246@example.com,2026-05-12,active
CUST477816,Jie,He,M,1987-02-12,Wuhan,18992451332,jie.he43@example.com,2026-05-30,active
CUST845795,Ming,Zheng,F,1989-02-07,Chengdu,17747301879,ming.zheng346@example.com,2026-06-04,active
CUST980320,Ting,Zhou,M,1998-06-03,Hangzhou,13752972186,ting.zhou493@example.com,2026-05-18,active
CUST731181,Fang,Wang,M,1962-11-17,Wuhan,16381003168,fang.wang724@example.com,2026-06-10,active
CUST974168,Jun,Huang,M,1967-08-03,Chengdu,19655296040,jun.huang848@example.com,2026-05-28,active
CUST412500,Fang,Li,M,1964-03-22,Beijing,17634511825,fang.li325@example.com,2026-06-05,inactive
CUST347594,Qiang,Wang,F,1976-04-01,Hangzhou,16365420068,qiang.wang386@example.com,2026-05-15,active
CUST539833,Qiang,Luo,M,1997-06-14,Wuhan,13870763130,qiang.luo364@example.com,2026-06-12,active
CUST714083,Fang,Lin,F,1960-08-12,Xian,13524665197,fang.lin534@example.com,2026-06-22,inactive
CUST788698,Qiang,Zheng,M,1996-12-13,Nanjing,17463545804,qiang.zheng719@example.com,2026-05-23,active
CUST215584,Wei,Zhou,F,1996-12-24,Nanjing,14559231261,wei.zhou61@example.com,2023-03-09,inactive
CUST690632,Jun,Li,F,1995-05-09,Wuhan,19257820784,jun.li611@example.com,2026-06-03,active
CUST426697,Jun,Lin,F,1981-05-28,Wuhan,15592208301,jun.lin310@example.com,2022-07-21,active
CUST331464,Tao,Sun,M,1984-11-09,Wuhan,17796895526,tao.sun375@example.com,2026-05-14,active
CUST364216,Xiao,Yang,M,1978-09-22,Shenzhen,16508149919,xiao.yang324@example.com,2018-08-21,active
CUST761651,Yan,Wang,M,1969-12-25,Shanghai,15144778181,yan.wang795@example.com,2018-03-25,active
CUST796663,Fang,Liu,M,1975-09-17,Xian,19512634063,fang.liu543@example.com,2026-05-10,active
CUST965174,Jie,Gao,F,1983-02-17,Guangzhou,17685266081,jie.gao66@example.com,2024-08-06,active
CUST958205,Hao,Zheng,M,1995-01-13,Beijing,13160902280,hao.zheng335@example.com,2026-05-29,active
CUST328726,Ran,Gao,M,1964-10-29,Wuhan,13552355470,ran.gao371@example.com,2026-05-06,active
CUST169884,Bin,Guo,M,1998-09-27,Wuhan,15925039446,bin.guo769@example.com,2026-06-15,active
CUST216174,Jun,Luo,M,1960-12-01,Beijing,13846299195,jun.luo794@example.com,2026-05-31,active
CUST731505,Bin,Zhang,F,1985-07-21,Chengdu,16700824190,bin.zhang68@example.com,2026-06-12,active
CUST387191,Tao,Liu,M,1982-08-24,Xian,18439104476,tao.liu169@example.com,2026-06-10,active
CUST379175,Lei,Hu,F,1981-09-09,Wuhan,15760937647,lei.hu721@example.com,2026-06-22,inactive
CUST790686,Long,Ma,F,1971-12-24,Chengdu,15892143457,long.ma617@example.com,2026-06-10,active
CUST739419,Lan,Liu,F,1974-02-13,Guangzhou,16646593169,lan.liu125@example.com,2025-10-27,active
CUST789191,Chen,Wu,M,1975-04-19,Shenzhen,14972043866,chen.wu821@example.com,2026-05-30,active
CUST800176,Jie,Liu,M,1977-06-08,Shenzhen,16254258104,jie.liu262@example.com,2026-05-14,inactive
CUST484882,Long,Wu,F,1963-08-31,Guangzhou,18242985361,long.wu986@example.com,2021-10-19,active
CUST579624,Qiang,Hu,M,1963-03-18,Guangzhou,15542100176,qiang.hu724@example.com,2024-01-30,active
CUST819865,Qiang,Zhu,F,1965-01-14,Beijing,16289329534,qiang.zhu798@example.com,2026-05-11,active
CUST273797,Ming,Li,F,1991-12-04,Chengdu,19927060338,ming.li731@example.com,2026-05-22,active
CUST331641,Lei,Gao,M,1988-11-26,Xian,15802264656,lei.gao704@example.com,2020-12-11,active
CUST559937,Ting,Guo,M,1979-09-26,Wuhan,13169476736,ting.guo479@example.com,2022-12-14,active
CUST628414,Jie,Gao,F,1984-04-07,Xian,17191682684,jie.gao489@example.com,2026-05-29,active
CUST291355,Wei,Gao,M,1981-02-27,Nanjing,16242709406,wei.gao195@example.com,2026-06-17,active
CUST140058,Fang,Hu,F,1963-08-21,Shanghai,16124484194,fang.hu425@example.com,2026-05-26,suspended
CUST864212,Ran,Ma,F,1971-01-12,Qingdao,15895653122,ran.ma957@example.com,2022-04-25,active
CUST871228,Chen,Guo,M,1998-03-13,Wuhan,13542763493,chen.guo671@example.com,2026-06-26,inactive
CUST162946,Fang,Luo,F,1998-09-19,Hangzhou,19358660272,fang.luo132@example.com,2026-05-27,active
CUST291091,Yan,Huang,F,1975-11-13,Nanjing,16517219395,yan.huang519@example.com,2026-05-03,active
CUST373693,Lei,Liu,F,1974-06-19,Beijing,14609987027,lei.liu303@example.com,2021-01-11,active
CUST250947,Hao,Chen,F,1988-11-27,Guangzhou,13392728016,hao.chen975@example.com,2026-05-12,inactive
CUST545693,Jun,Li,M,1992-03-05,Beijing,16438117450,jun.li716@example.com,2024-05-14,active
CUST692381,Wei,Yang,F,1979-06-26,Nanjing,14585930028,wei.yang115@example.com,2026-06-06,active
CUST541190,Wei,Wu,F,1983-01-23,Wuhan,14322772328,wei.wu746@example.com,2026-06-20,active
CUST387043,Hua,Wu,M,1985-07-04,Beijing,17845025926,hua.wu487@example.com,2023-03-29,inactive
CUST815221,Tao,Li,M,1971-06-19,Xian,15425579421,tao.li349@example.com,2026-05-04,active
CUST913931,Ting,Yang,M,1973-06-13,Shenzhen,14577030961,ting.yang995@example.com,2026-06-10,active
CUST755786,Jie,He,F,1985-04-11,Chengdu,19969230274,jie.he354@example.com,2026-05-22,suspended
CUST770544,Jie,Wang,F,1978-06-21,Chengdu,18924875757,jie.wang275@example.com,2026-06-16,suspended
CUST981356,Tao,Zhao,M,1997-02-24,Qingdao,15584737994,tao.zhao405@example.com,2020-08-27,active
CUST775939,Yan,Wang,F,1984-08-04,Nanjing,15146023084,yan.wang292@example.com,2026-06-13,active
CUST548488,Fang,Li,M,1965-11-17,Shanghai,18771606229,fang.li194@example.com,2026-06-28,inactive
CUST923098,Lei,Guo,M,1962-12-03,Xian,13629651004,lei.guo940@example.com,2018-11-23,active
CUST626406,Bin,Zhu,M,1966-09-10,Shenzhen,16685417229,bin.zhu854@example.com,2026-05-28,suspended
CUST205606,Fang,Yang,M,1980-08-20,Qingdao,18138714019,fang.yang359@example.com,2026-06-26,active
CUST726672,Yan,Zhao,M,1982-09-24,Xian,16590659395,yan.zhao393@example.com,2026-05-12,active
CUST132363,Hua,Zhou,F,1989-01-02,Shenzhen,16444889548,hua.zhou135@example.com,2026-05-17,inactive
CUST650159,Lei,Zhu,M,1970-12-18,Chengdu,15604565810,lei.zhu769@example.com,2023-05-26,inactive
CUST746147,Lan,He,M,1969-03-17,Hangzhou,16145050877,lan.he867@example.com,2026-06-10,active
CUST682749,Wei,Luo,F,1988-08-30,Hangzhou,14839567381,wei.luo125@example.com,2021-06-16,active
CUST542353,Lei,Wu,M,1996-05-01,Beijing,14482430992,lei.wu311@example.com,2023-11-23,active
CUST819452,Qiang,He,F,1969-09-09,Chengdu,17547965231,qiang.he227@example.com,2026-06-01,active
CUST333003,Wei,Luo,F,1984-03-26,Guangzhou,19118284151,wei.luo674@example.com,2026-06-23,active
CUST543653,Jie,Hu,F,1975-12-06,Qingdao,19240238841,jie.hu294@example.com,2026-05-01,active
CUST425575,Yan,Sun,F,1980-09-19,Shenzhen,14332419784,yan.sun586@example.com,2019-02-16,active
CUST409168,Hua,Zheng,F,1976-12-28,Xian,15877566289,hua.zheng535@example.com,2026-05-12,inactive
CUST392269,Ting,Zhu,F,1965-05-05,Chengdu,13809106075,ting.zhu357@example.com,2018-02-28,active
CUST426090,Wei,Zhao,M,1985-03-17,Xian,15658689379,wei.zhao821@example.com,2026-05-25,active
CUST985688,Lan,Yang,F,1967-03-25,Xian,13361377788,lan.yang564@example.com,2026-06-21,active
CUST485633,Wei,Wang,F,1966-01-27,Nanjing,17563394706,wei.wang337@example.com,2026-05-25,active
CUST667721,Tao,Zhao,M,1973-03-11,Xian,16644326531,tao.zhao902@example.com,2026-06-25,active
CUST655648,Yan,Gao,M,1981-03-07,Chengdu,18294264534,yan.gao874@example.com,2026-06-11,active
CUST688794,Lei,Guo,F,1979-12-17,Beijing,15621505146,lei.guo488@example.com,2026-05-28,active
CUST938332,Jun,Zhou,F,1982-01-18,Shanghai,15790955456,jun.zhou338@example.com,2026-06-07,active
CUST724573,Qiang,Yang,M,1983-12-20,Hangzhou,13873995536,qiang.yang742@example.com,2026-05-03,active
CUST787488,Long,Yang,M,1969-06-13,Beijing,19430637878,long.yang736@example.com,2021-10-02,active
CUST318079,Ming,Zhu,M,1979-03-18,Xian,19129212653,ming.zhu240@example.com,2020-08-01,inactive
CUST464827,Wei,Huang,F,1966-09-15,Guangzhou,18497975596,wei.huang314@example.com,2026-05-01,active
CUST215061,Chen,Luo,M,1985-04-15,Guangzhou,17631909449,chen.luo518@example.com,2026-06-14,active
CUST797352,Ting,Wu,F,1979-01-05,Hangzhou,15309353766,ting.wu424@example.com,2026-05-07,active
CUST249510,Ning,Li,F,2000-01-13,Nanjing,14163839175,ning.li158@example.com,2026-06-20,active
CUST420364,Jie,Zhou,F,1987-03-26,Shanghai,15984118556,jie.zhou106@example.com,2026-06-05,active
CUST968403,Fang,Ma,F,1964-11-13,Qingdao,17540850096,fang.ma625@example.com,2026-05-28,inactive
CUST480902,Hua,Chen,F,1999-05-02,Xian,18648074329,hua.chen164@example.com,2026-06-25,active
CUST132852,Qiang,Yang,M,1981-05-16,Nanjing,13292913722,qiang.yang570@example.com,2026-05-23,suspended
CUST373048,Ting,Zhang,M,1969-10-05,Xian,16980540037,ting.zhang415@example.com,2026-05-24,active
CUST263450,Hua,Lin,F,1970-09-11,Nanjing,19888849508,hua.lin644@example.com,2024-10-20,active
CUST829460,Bin,Zheng,F,1996-01-03,Guangzhou,13141111685,bin.zheng827@example.com,2022-08-12,inactive
CUST632878,Hua,Lin,F,1982-04-12,Qingdao,13942773944,hua.lin685@example.com,2026-06-23,active
CUST862694,Hao,Hu,F,2000-09-15,Qingdao,18856352982,hao.hu902@example.com,2026-06-30,active
CUST381449,Wei,Zhu,M,1975-11-29,Guangzhou,17218499101,wei.zhu604@example.com,2026-06-16,suspended
CUST741371,Qiang,Zhu,F,1975-10-24,Chengdu,15398413715,qiang.zhu621@example.com,2026-05-06,active
CUST336680,Jun,Huang,F,1971-02-11,Xian,15358711499,jun.huang190@example.com,2023-07-22,active
CUST267144,Ning,Ma,F,1984-06-12,Beijing,16150101879,ning.ma551@example.com,2026-05-10,active
CUST891423,Bin,Huang,M,1976-10-21,Beijing,14392617989,bin.huang220@example.com,2026-05-06,active
CUST467227,Long,He,F,1997-02-06,Chengdu,17224902174,long.he69@example.com,2026-05-16,active
CUST129098,Tao,Chen,M,1962-06-24,Nanjing,13188554175,tao.chen831@example.com,2026-06-22,active
CUST487490,Ming,Huang,M,1967-05-18,Beijing,14741648498,ming.huang752@example.com,2026-06-21,active
CUST342560,Lei,Zhao,M,1987-12-30,Nanjing,17223555902,lei.zhao831@example.com,2026-05-31,active
CUST490210,Chen,Li,M,1979-09-14,Xian,15374731608,chen.li826@example.com,2026-06-11,active
CUST790887,Tao,Yang,M,1965-02-15,Qingdao,19297415139,tao.yang102@example.com,2026-05-09,active
CUST115148,Xin,Lin,M,1977-04-29,Qingdao,15748265145,xin.lin483@example.com,2026-06-20,inactive
CUST562937,Xiao,Li,F,1971-04-09,Beijing,14685781219,xiao.li553@example.com,2026-06-03,active
CUST319277,Bin,Zhu,M,1997-09-17,Shenzhen,15242684914,bin.zhu80@example.com,2022-02-28,active
CUST288614,Hua,Wang,F,1973-12-01,Qingdao,15689941343,hua.wang745@example.com,2026-06-14,active
CUST515880,Xiao,Yang,F,1972-05-30,Qingdao,17431708331,xiao.yang181@example.com,2026-06-30,inactive
CUST472493,Hao,Ma,M,1984-07-11,Qingdao,17775345501,hao.ma997@example.com,2025-09-27,active
CUST741064,Qiang,Li,F,1997-06-22,Chengdu,19792709347,qiang.li667@example.com,2021-07-28,active
CUST285727,Long,Zhao,F,1973-03-23,Wuhan,16577050643,long.zhao372@example.com,2026-05-28,inactive
CUST129398,Chen,Zhao,M,1996-08-29,Beijing,18325845824,chen.zhao353@example.com,2026-05-06,active
CUST175339,Ting,Wang,M,1992-08-19,Shenzhen,13451235264,ting.wang717@example.com,2025-06-29,active
CUST597026,Fang,Zhang,F,1988-06-07,Xian,16556735094,fang.zhang40@example.com,2026-05-18,active
CUST599293,Hua,Zhang,F,1963-02-23,Qingdao,16293791187,hua.zhang352@example.com,2018-12-30,active
CUST769371,Jie,Wang,F,1988-07-30,Xian,18523918167,jie.wang604@example.com,2024-12-07,active
CUST580394,Xin,Lin,F,1995-10-17,Shanghai,18796800497,xin.lin625@example.com,2026-06-22,active
CUST165990,Jun,Huang,F,1999-09-18,Hangzhou,18136837520,jun.huang659@example.com,2020-07-19,active
CUST946676,Tao,Li,F,1993-07-29,Hangzhou,13218750463,tao.li456@example.com,2026-06-07,active
CUST388772,Xin,Chen,F,1987-04-10,Shanghai,15692088530,xin.chen568@example.com,2026-06-25,active
CUST893099,Hao,Wang,F,1962-09-03,Shenzhen,19950387063,hao.wang80@example.com,2021-05-11,active
CUST185394,Tao,Gao,F,1972-08-11,Guangzhou,15565165254,tao.gao102@example.com,2026-06-13,active
CUST725885,Xin,Yang,F,1986-10-25,Hangzhou,19962834477,xin.yang59@example.com,2026-06-25,active
CUST867506,Wei,He,F,1987-08-01,Xian,18847934658,wei.he956@example.com,2026-06-20,active
CUST273122,Fang,Zhou,F,1993-09-04,Shenzhen,18602900536,fang.zhou844@example.com,2019-11-05,active
CUST394369,Lei,Wu,F,1960-10-24,Chengdu,19321871767,lei.wu652@example.com,2026-06-30,active
CUST348063,Ming,Yang,M,1996-05-09,Wuhan,14354410981,ming.yang325@example.com,2026-06-21,inactive
CUST219244,Chen,Yang,M,1992-10-22,Wuhan,16519650580,chen.yang533@example.com,2026-05-03,active
CUST515433,Xiao,Luo,F,1989-09-26,Hangzhou,14413589158,xiao.luo104@example.com,2026-05-27,active
CUST840812,Long,Sun,F,1964-05-07,Shenzhen,15882598080,long.sun687@example.com,2026-05-14,active
CUST673087,Long,Lin,F,1974-03-15,Shanghai,17457305511,long.lin165@example.com,2022-03-15,active
CUST679770,Bin,Guo,F,1990-02-24,Guangzhou,18311750198,bin.guo410@example.com,2026-05-15,active
CUST146506,Jie,Li,F,1986-11-17,Qingdao,17460792906,jie.li225@example.com,2026-06-10,active
CUST959637,Lei,Zheng,F,1990-07-19,Shanghai,13718389493,lei.zheng904@example.com,2026-06-27,active
CUST486173,Xin,Luo,F,1977-05-04,Guangzhou,19657044465,xin.luo476@example.com,2026-05-07,active
CUST747098,Jie,Guo,F,1960-05-12,Beijing,15985062500,jie.guo175@example.com,2026-05-13,active
CUST775602,Ran,Zhao,F,1960-10-25,Xian,14298476451,ran.zhao981@example.com,2026-05-26,inactive
CUST298723,Lei,Zhao,F,1982-05-12,Hangzhou,19955210347,lei.zhao230@example.com,2026-06-11,active
CUST685714,Lei,Zhu,F,1976-12-29,Chengdu,14507043109,lei.zhu624@example.com,2022-10-23,active
CUST972761,Qiang,Zheng,M,1996-05-20,Guangzhou,16795431831,qiang.zheng665@example.com,2018-12-07,active
CUST808317,Jun,Zhang,M,1988-03-07,Shenzhen,13263738294,jun.zhang763@example.com,2026-05-20,active
CUST978694,Tao,Zheng,M,1965-06-06,Shanghai,15460386145,tao.zheng181@example.com,2021-06-21,active
CUST754266,Lei,Zheng,M,1967-04-24,Xian,17242909378,lei.zheng128@example.com,2026-06-17,active
CUST323588,Bin,Ma,F,1969-01-04,Shanghai,16660321379,bin.ma415@example.com,2026-06-29,active
CUST416534,Yan,He,M,1960-06-16,Wuhan,15574433786,yan.he238@example.com,2026-05-08,active
CUST350626,Xiao,Liu,M,1999-04-13,Xian,18190997698,xiao.liu11@example.com,2026-05-23,active
CUST745757,Qiang,Li,M,1966-08-18,Hangzhou,15490505279,qiang.li466@example.com,2026-06-03,inactive
CUST452899,Chen,Zhang,M,1972-07-27,Chengdu,15245963399,chen.zhang984@example.com,2026-05-14,inactive
CUST383498,Qiang,Wang,F,1977-02-20,Wuhan,14620085249,qiang.wang372@example.com,2026-06-04,inactive
CUST216928,Yan,Zhou,F,1995-07-10,Shanghai,15363971009,yan.zhou541@example.com,2026-01-31,active
CUST401224,Ming,Liu,F,1985-06-05,Shanghai,14459812819,ming.liu984@example.com,2019-12-02,active
CUST587085,Hua,Yang,F,1972-06-20,Xian,14716650123,hua.yang835@example.com,2025-01-13,active
CUST689590,Yan,Lin,M,1967-10-13,Shanghai,16166770283,yan.lin81@example.com,2026-06-06,active
CUST687568,Hao,Yang,M,1988-09-04,Nanjing,14812872788,hao.yang461@example.com,2021-09-14,active
CUST942131,Ning,Zheng,F,1976-09-27,Xian,16377917723,ning.zheng54@example.com,2019-11-27,active
CUST921119,Long,Zhu,F,1986-04-12,Shenzhen,15499069609,long.zhu242@example.com,2021-03-27,active
CUST233319,Chen,Huang,F,1983-09-15,Qingdao,16982501136,chen.huang330@example.com,2024-12-16,inactive
CUST226785,Ming,Guo,M,1984-12-07,Shenzhen,18886908323,ming.guo463@example.com,2026-06-29,active
CUST111683,Lei,Yang,M,1977-07-22,Shanghai,16373540195,lei.yang301@example.com,2026-06-24,inactive
CUST719050,Xin,Sun,M,1975-10-17,Hangzhou,14481872116,xin.sun227@example.com,2026-05-10,active
CUST794417,Hua,Yang,F,1978-10-10,Xian,15192646080,hua.yang628@example.com,2024-07-20,active
CUST185492,Ning,Sun,M,1981-09-20,Beijing,18288759062,ning.sun693@example.com,2026-05-07,active
CUST576344,Tao,Sun,M,1989-03-25,Hangzhou,13415740070,tao.sun390@example.com,2026-05-03,active
CUST931670,Yan,Wu,M,1986-06-03,Shenzhen,17173805985,yan.wu695@example.com,2026-05-31,active
CUST141181,Fang,Wang,F,1967-04-28,Shenzhen,14840738940,fang.wang353@example.com,2022-11-26,inactive
CUST552429,Ming,Li,M,2000-12-05,Chengdu,19719282602,ming.li686@example.com,2023-06-04,inactive
CUST471948,Wei,Zhu,M,1965-05-31,Beijing,13373175606,wei.zhu950@example.com,2026-06-23,active
CUST625372,Qiang,Zheng,M,1997-10-13,Guangzhou,15299173888,qiang.zheng504@example.com,2026-05-01,active
CUST151965,Wei,Yang,F,1974-06-29,Wuhan,14302947462,wei.yang122@example.com,2026-06-19,active
